carat,cut,color,clarity,depth,table,price
0.23,Ideal,E,SI2,61.5,55,326
0.21,Premium,E,SI1,59.8,61,326
0.23,Good,E,VS1,56.9,65,327
0.29,Premium,I,VS2,62.4,58,334
0.31,Good,J,SI2,63.3,58,335
0.24,Very Good,J,VVS2,62.8,57,336
0.24,Very Good,I,VVS1,62.3,57,336
0.26,Very Good,H,SI1,61.9,55,337
0.22,Fair,E,VS2,65.1,61,337
0.23,Very Good,H,VS1,59.4,61,338
0.3,Good,J,SI1,64,55,339
0.23,Ideal,J,VS1,62.8,56,340
0.22,Premium,F,SI1,60.4,61,342
0.31,Ideal,J,SI2,62.2,54,344
0.2,Premium,E,SI2,60.2,62,345
0.32,Premium,E,I1,60.9,58,345
0.3,Ideal,I,SI2,62,54,348
0.3,Good,J,SI1,63.4,54,351
0.3,Good,J,SI1,63.8,56,351
0.3,Very Good,J,SI1,62.7,59,351
0.23,Very Good,E,VS2,63.8,55,352
0.23,Very Good,H,VS1,61,57,353
0.31,Very Good,J,SI1,59.4,62,353
0.31,Very Good,J,SI1,58.1,62,353
0.23,Very Good,G,VVS2,60.4,58,354
0.24,Premium,I,VS1,62.5,57,355
0.3,Very Good,J,VS2,62.2,57,357
0.23,Very Good,D,VS2,60.5,61,357
0.23,Very Good,F,VS1,60.9,57,357
0.23,Very Good,F,VS1,60,57,402
0.23,Very Good,F,VS1,59.8,57,402
0.23,Very Good,E,VS1,60.7,59,402
0.23,Very Good,E,VS1,59.5,58,402
0.23,Very Good,D,VS1,61.9,58,402
0.23,Good,F,VS1,58.2,59,402
0.23,Good,E,VS1,64.1,59,402
0.31,Good,H,SI1,64,54,402
0.26,Very Good,D,VS2,60.8,59,403
0.33,Ideal,I,SI2,61.8,55,403
0.33,Ideal,I,SI2,61.2,56,403
0.33,Ideal,J,SI1,61.1,56,403
0.26,Good,D,VS2,65.2,56,403
0.26,Good,D,VS1,58.4,63,403
0.32,Good,H,SI2,63.1,56,403
0.29,Premium,F,SI1,62.4,58,403
0.32,Very Good,H,SI2,61.8,55,403
0.25,Very Good,E,VS2,63.3,60,404
0.29,Very Good,H,SI2,60.7,60,404
0.24,Very Good,F,SI1,60.9,61,404
0.23,Ideal,G,VS1,61.9,54,404
0.22,Premium,E,VS2,61.6,58,404
0.22,Premium,D,VS2,59.3,62,404
0.3,Ideal,I,SI2,61,59,405
0.3,Premium,J,SI2,59.3,61,405
0.3,Very Good,I,SI1,62.6,57,405
0.3,Very Good,I,SI1,63,57,405
0.3,Good,I,SI1,63.2,55,405
0.35,Ideal,I,VS1,60.9,57,552
0.3,Premium,D,SI1,62.6,59,552
0.3,Ideal,D,SI1,62.5,57,552
0.42,Premium,I,SI2,61.5,59,552
0.32,Ideal,I,VVS1,62,55.3,553
0.31,Very Good,G,SI1,63.3,57,553
0.31,Premium,G,SI1,61.8,58,553
0.24,Very Good,D,VVS1,61.5,60,553
0.3,Very Good,H,SI1,63.1,56,554
0.3,Premium,H,SI1,62.9,59,554
0.3,Premium,H,SI1,62.5,57,554
0.3,Good,H,SI1,63.7,57,554
0.26,Very Good,F,VVS2,59.2,60,554
0.26,Very Good,E,VVS2,59.9,58,554
0.26,Very Good,D,VVS2,62.4,54,554
0.26,Very Good,D,VVS2,62.8,60,554
0.26,Very Good,E,VVS1,62.6,59,554
0.26,Very Good,E,VVS1,63.4,59,554
0.26,Very Good,D,VVS1,62.1,60,554
0.26,Ideal,E,VVS2,62.9,58,554
0.38,Ideal,I,SI2,61.6,56,554
0.24,Premium,G,VVS1,62.3,59,554
0.24,Premium,H,VVS1,61.2,58,554
0.24,Premium,H,VVS1,60.8,59,554
0.24,Premium,H,VVS2,60.7,58,554
0.7,Ideal,E,SI1,62.5,57,2757
0.86,Fair,E,SI2,55.1,69,2757
0.7,Ideal,G,VS2,61.6,56,2757
0.71,Very Good,E,VS2,62.4,57,2759
0.78,Very Good,G,SI2,63.8,56,2759
0.7,Good,E,VS2,57.5,58,2759
0.7,Good,F,VS1,59.4,62,2759
0.96,Fair,F,SI2,66.3,62,2759
0.73,Very Good,E,SI1,61.6,59,2760
0.8,Premium,H,SI1,61.5,58,2760
0.75,Very Good,D,SI1,63.2,56,2760
0.75,Premium,E,SI1,59.9,54,2760
0.75,Premium,G,VS2,61.7,58,2760
0.8,Ideal,I,VS1,62.9,56,2760
0.75,Ideal,G,SI1,62.2,55,2760
0.8,Premium,G,SI1,63,59,2760
0.74,Ideal,I,VVS2,62.3,55,2761
0.81,Ideal,F,SI2,58.8,57,2761
0.59,Ideal,E,VVS2,62,55,2761
0.8,Ideal,F,SI2,61.4,57,2761
0.74,Ideal,E,SI2,62.2,56,2761
0.9,Premium,I,VS2,63,58,2761
0.74,Very Good,G,SI1,62.2,59,2762
0.73,Ideal,F,VS2,62.6,56,2762
0.73,Ideal,F,VS2,62.7,53,2762
0.8,Premium,F,SI2,61.7,58,2762
0.71,Ideal,G,VS2,62.4,54,2762
0.7,Ideal,E,VS2,60.7,58,2762
0.8,Ideal,F,SI2,59.9,59,2762
0.74,Ideal,E,SI1,62.3,54,2762
0.7,Very Good,F,VS2,61.7,63,2762
0.7,Fair,F,VS2,64.5,57,2762
0.7,Fair,F,VS2,65.3,55,2762
0.7,Premium,F,VS2,61.6,60,2762
0.91,Premium,H,SI1,61.4,56,2763
0.61,Very Good,D,VVS2,59.6,57,2763
0.91,Fair,H,SI2,64.4,57,2763
0.91,Fair,H,SI2,65.7,60,2763
0.77,Ideal,H,VS2,62,56,2763
0.71,Very Good,D,SI1,63.6,58,2764
0.71,Ideal,D,SI1,61.9,59,2764
0.7,Very Good,E,VS2,62.6,60,2765
0.77,Very Good,H,VS1,61.3,60,2765
0.63,Premium,E,VVS1,60.9,60,2765
0.71,Very Good,F,VS1,60.1,62,2765
0.71,Premium,F,VS1,61.8,59,2765
0.76,Ideal,H,SI1,61.2,57,2765
0.64,Ideal,G,VVS1,61.9,56,2766
0.71,Premium,G,VS2,60.9,57,2766
0.71,Premium,G,VS2,59.8,56,2766
0.7,Very Good,D,VS2,61.8,55,2767
0.7,Very Good,F,VS1,60,57,2767
0.7,Good,H,VVS2,62.1,64,2767
0.71,Very Good,G,VS1,63.3,59,2768
0.73,Very Good,D,SI1,60.2,56,2768
0.7,Very Good,D,SI1,61.1,58,2768
0.7,Ideal,E,SI1,60.9,57,2768
0.71,Premium,D,SI2,61.7,59,2768
0.71,Premium,D,VS2,62.5,60,2770
0.73,Premium,G,VS2,61.4,59,2770
0.76,Very Good,F,SI1,62.9,57,2770
0.76,Ideal,D,SI2,62.4,57,2770
0.71,Ideal,F,SI1,60.7,56,2770
0.73,Premium,G,VS2,60.7,58,2770
0.73,Premium,G,VS1,61.5,58,2770
0.73,Ideal,D,SI2,59.9,57,2770
0.73,Premium,G,VS2,59.2,59,2770
0.72,Very Good,H,VVS2,60.3,56,2771
0.73,Very Good,F,SI1,61.7,60,2771
0.71,Ideal,G,VS2,61.9,57,2771
0.79,Ideal,F,SI2,61.9,55,2771
0.73,Very Good,H,VVS1,60.4,59,2772
0.8,Very Good,F,SI2,61,57,2772
0.58,Ideal,G,VVS1,61.5,55,2772
0.58,Ideal,F,VVS1,61.7,56,2772
0.71,Good,E,VS2,59.2,61,2772
0.75,Ideal,D,SI2,61.3,56,2773
1.17,Very Good,J,I1,60.2,61,2774
0.7,Ideal,E,SI1,62.7,55,2774
0.83,Good,I,VS2,64.6,54,2774
0.74,Very Good,F,VS2,61.3,61,2775
0.72,Very Good,G,VS2,63.7,56.4,2776
0.71,Premium,E,VS2,62.7,58,2776
0.71,Ideal,E,VS2,62.2,57,2776
0.54,Ideal,E,VVS2,61.6,56,2776
0.54,Ideal,E,VVS2,61.5,57,2776
0.72,Ideal,G,SI1,60.7,56,2776
0.71,Ideal,G,SI1,60.5,56,2776
0.7,Very Good,D,VS1,62.7,58,2777
0.71,Premium,F,VS2,62.1,58,2777
0.71,Very Good,F,VS2,62.8,57,2777
0.71,Good,F,VS2,63.8,58,2777
0.7,Ideal,E,VS2,62.1,55,2777
0.7,Premium,E,VS2,61.1,60,2777
0.7,Premium,E,SI1,60,59,2777
0.7,Premium,E,SI1,61.2,57,2777
0.7,Premium,E,SI1,62.7,59,2777
0.7,Premium,E,SI1,61,57,2777
0.7,Premium,E,SI1,61,58,2777
0.7,Ideal,E,SI1,61.4,57,2777
0.72,Premium,F,SI1,61.8,61,2777
0.7,Very Good,E,SI1,59.9,63,2777
0.7,Premium,E,SI1,61.3,58,2777
0.7,Premium,E,SI1,60.5,58,2777
0.7,Good,E,VS2,64.1,59,2777
0.98,Fair,H,SI2,67.9,60,2777
0.78,Premium,F,SI1,62.4,58,2777
0.7,Very Good,E,SI1,63.2,60,2777
0.52,Ideal,F,VVS1,61.3,55,2778
0.73,Very Good,H,VS2,60.8,56,2779
0.74,Ideal,E,SI1,61.7,56,2779
0.7,Very Good,F,VS2,63.6,57,2780
0.77,Premium,G,VS2,61.2,58,2780
0.71,Ideal,F,VS2,62.1,54,2780
0.74,Ideal,G,VS1,61.5,55,2780
0.7,Ideal,G,VS1,61.4,59,2780
1.01,Premium,F,I1,61.8,60,2781
0.77,Ideal,H,SI1,62.2,56,2781
0.78,Ideal,H,SI1,61.2,56,2781
0.72,Very Good,H,VS1,60.6,63,2782
0.53,Very Good,D,VVS2,57.5,64,2782
0.76,Ideal,G,VS2,61.3,56,2782
0.7,Good,E,VS1,57.2,62,2782
0.75,Very Good,D,SI2,63.1,58,2782
0.72,Ideal,D,SI1,60.8,57,2782
0.7,Premium,D,SI1,62.8,60,2782
0.75,Premium,F,SI1,61.4,59,2782
0.52,Ideal,F,IF,62.2,55,2783
0.72,Very Good,F,VS2,63,54,2784
0.79,Very Good,H,VS1,63.7,56,2784
0.72,Very Good,F,VS2,63.6,58,2787
0.51,Ideal,F,VVS1,62,57,2787
0.64,Ideal,D,VS1,61.5,56,2787
0.7,Very Good,H,VVS1,60.5,60,2788
0.83,Very Good,I,VS1,61.1,60,2788
0.76,Ideal,I,VVS2,61.8,56,2788
0.71,Good,D,VS2,63.3,56,2788
0.77,Good,G,VS1,59.4,64,2788
0.71,Ideal,F,SI1,62.5,55,2788
1.01,Fair,E,I1,64.5,58,2788
1.01,Premium,H,SI2,62.7,59,2788
0.77,Good,F,SI1,64.2,52,2789
0.76,Good,E,SI1,63.7,54,2789
0.76,Premium,E,SI1,60.4,58,2789
0.76,Premium,E,SI1,61.8,58,2789
1.05,Very Good,J,SI2,63.2,56,2789
0.7,Ideal,E,SI1,61.6,56,2789
0.55,Ideal,G,IF,60.9,57,2789
0.81,Good,G,SI2,61,61,2789
0.63,Premium,E,VVS2,62.1,57,2789
0.77,Premium,H,VS1,61.3,60,2789
1.05,Fair,J,SI2,65.8,59,2789
0.64,Ideal,G,IF,61.3,56,2790
0.76,Premium,I,VVS1,58.8,59,2790
0.83,Ideal,F,SI2,62.3,55,2790
0.71,Premium,F,VS1,60.1,62,2790
0.71,Premium,F,VS1,61.8,59,2790
0.87,Very Good,I,SI1,63.6,55.8,2791
0.73,Ideal,E,SI1,62.2,56,2791
0.71,Premium,E,SI1,59.2,59,2792
0.71,Premium,E,SI1,61.8,59,2792
0.71,Ideal,E,SI1,61.3,55,2792
0.7,Premium,F,VS1,62.1,60,2792
0.7,Premium,F,VS1,60.7,60,2792
0.76,Premium,H,VVS2,59.6,57,2792
0.7,Ideal,F,VS1,62.2,56,2792
0.7,Very Good,E,VS2,62.9,57,2793
0.7,Good,E,VS2,64.1,55,2793
0.76,Ideal,I,VS2,61.3,56,2793
0.73,Ideal,H,VS2,62.7,55,2793
0.79,Very Good,E,SI1,63.2,56,2794
0.71,Very Good,E,VS2,60.7,56,2795
0.72,Good,F,VS1,60.7,60,2795
0.72,Premium,D,SI2,62,60,2795
0.72,Premium,I,IF,63,57,2795
0.72,Premium,G,VS2,62.9,57,2795
1,Premium,I,SI2,58.2,60,2795
0.73,Good,E,SI1,63.2,58,2796
0.81,Very Good,H,SI2,61.3,59,2797
0.81,Very Good,E,SI1,60.3,60,2797
0.71,Premium,D,SI1,62.7,60,2797
0.71,Premium,D,SI1,61.3,58,2797
0.71,Premium,D,SI1,61.6,60,2797
0.57,Ideal,F,VVS2,61.9,55,2797
0.51,Ideal,D,VVS1,61.7,56,2797
0.72,Ideal,G,VS2,61.9,58,2797
0.74,Ideal,H,VS1,61.8,58,2797
0.74,Ideal,H,VS1,61.6,56,2797
0.7,Fair,G,VVS1,58.8,66,2797
0.8,Premium,F,SI2,61,57,2797
1.01,Fair,E,SI2,67.4,60,2797
0.8,Very Good,H,VS2,63.4,60,2797
0.77,Ideal,I,VS1,61.5,59,2798
0.83,Very Good,E,SI2,58,62,2799
0.82,Ideal,F,SI2,62.4,54,2799
0.78,Ideal,D,SI1,61.9,57,2799
0.6,Very Good,G,IF,61.6,56,2800
0.9,Good,I,SI2,62.2,59,2800
0.7,Premium,E,VS1,62.2,58,2800
0.9,Very Good,I,SI2,61.3,56,2800
0.83,Ideal,G,SI1,62.3,57,2800
0.83,Very Good,H,SI1,62.5,59,2800
0.74,Premium,G,VS1,62.9,60,2800
0.79,Ideal,I,VS1,61.8,59,2800
0.61,Ideal,G,IF,62.3,56,2800
0.96,Ideal,F,I1,60.7,55,2801
0.73,Ideal,F,VS2,62.5,55,2801
0.73,Premium,F,VS2,62.7,58,2801
0.75,Ideal,H,SI1,60.4,57,2801
0.71,Premium,F,VS2,62.1,58,2801
0.71,Good,F,VS2,57.8,60,2801
0.71,Good,F,VS2,63.8,58,2801
0.71,Premium,F,VS2,62.8,57,2801
1.04,Premium,G,I1,62.2,58,2801
0.87,Very Good,G,SI2,59.9,58,2802
0.53,Ideal,F,IF,61.9,54,2802
0.72,Premium,E,VS2,63,55,2802
0.72,Premium,F,VS1,62.4,58,2802
0.7,Very Good,F,VS2,62.9,58,2803
0.74,Very Good,E,SI1,63.5,56,2803
0.71,Ideal,G,VS2,61.3,56,2803
0.73,Ideal,E,SI1,60.6,54,2803
0.7,Good,G,VS1,65.1,58,2803
0.71,Premium,F,VS2,62.6,58,2803
0.71,Premium,F,VS2,58,62,2803
0.71,Premium,G,VS1,62.4,61,2803
0.77,Premium,G,VS2,61.3,57,2803
0.71,Premium,G,VS2,59.9,60,2803
0.78,Premium,G,VS2,60.8,58,2803
0.71,Very Good,G,VS1,63.5,55,2803
0.91,Ideal,D,SI2,62.2,57,2803
0.71,Very Good,E,VS2,63.8,58,2804
0.71,Very Good,E,VS2,64,57,2804
0.8,Very Good,E,SI2,62.5,56,2804
0.7,Very Good,D,SI1,62.3,58,2804
0.72,Ideal,F,VS1,61.7,57,2804
0.72,Very Good,F,VS1,62.2,58,2804
0.82,Ideal,H,VS2,61.5,56,2804
0.7,Ideal,D,SI1,61,59,2804
0.72,Ideal,D,SI1,62.2,56,2804
0.72,Ideal,D,SI1,61.5,54,2804
0.9,Fair,I,SI1,67.3,59,2804
0.74,Premium,F,VS2,61.7,58,2805
0.74,Premium,F,VS2,61.9,56,2805
0.73,Ideal,E,SI2,61.8,58,2805
0.57,Fair,E,VVS1,58.7,66,2805
0.73,Premium,F,VS2,62.5,57,2805
0.72,Ideal,G,VS2,62.8,56,2805
0.74,Fair,F,VS2,61.1,68,2805
0.82,Good,G,VS2,64,57,2805
0.81,Very Good,G,SI1,62.5,60,2806
0.75,Very Good,H,VVS1,60.6,58,2806
0.7,Ideal,F,SI1,61.6,55,2806
0.71,Very Good,F,VS1,62.2,58,2807
0.71,Very Good,F,VS1,60,57,2807
0.93,Premium,J,SI2,61.9,57,2807
0.7,Very Good,F,VS1,62,57,2808
1,Fair,G,I1,66.4,59,2808
0.75,Very Good,G,VS2,63.4,56,2808
0.58,Ideal,E,VVS2,60.9,56,2808
0.73,Very Good,D,SI1,63.1,57,2808
0.81,Very Good,F,SI1,63.1,59,2809
0.81,Premium,D,SI2,59.2,57,2809
1.2,Fair,F,I1,64.6,56,2809
0.7,Very Good,F,VS1,61.8,56,2810
0.7,Very Good,F,VS1,59.9,60,2810
0.74,Ideal,D,SI2,61.7,55,2810
0.7,Good,F,VS1,62.8,61,2810
0.8,Good,G,SI1,62.7,57,2810
0.75,Very Good,F,SI1,63.4,58,2811
0.83,Very Good,D,SI1,63.5,54,2811
1,Fair,J,VS2,65.7,59,2811
0.99,Fair,I,SI2,68.1,56,2811
0.7,Very Good,G,VS1,63,60,2812
0.7,Very Good,F,VS2,59.5,58,2812
0.7,Good,E,SI1,63.5,59,2812
0.7,Very Good,F,VS2,61.7,58,2812
0.32,Premium,I,SI1,62.7,58,554
0.32,Premium,I,SI1,62.8,58,554
0.32,Ideal,I,SI1,62.4,57,554
0.32,Premium,I,SI1,61,59,554
0.32,Very Good,I,SI1,63.1,56,554
0.32,Ideal,I,SI1,60.7,57,554
0.3,Premium,H,SI1,60.9,59,554
0.3,Premium,H,SI1,62.9,58,554
0.3,Very Good,H,SI1,63.3,56,554
0.3,Good,H,SI1,63.8,55,554
0.3,Ideal,H,SI1,62.9,57,554
0.3,Very Good,H,SI1,63.4,60,554
0.32,Good,I,SI1,63.9,55,554
0.29,Very Good,E,VS1,61.9,55,555
0.29,Very Good,E,VS1,62.4,55,555
0.31,Very Good,F,SI1,61.8,58,555
0.34,Ideal,H,VS2,61.5,56,555
0.34,Ideal,H,VS2,60.4,57,555
0.34,Ideal,I,VS1,61.8,55,555
0.34,Ideal,I,VS1,62,56,555
0.3,Ideal,G,VS1,62.3,56,555
0.29,Ideal,F,VS1,61.6,56,555
0.35,Ideal,G,SI1,60.6,56,555
0.43,Very Good,E,I1,58.4,62,555
0.32,Very Good,F,VS2,61.4,58,556
0.36,Ideal,I,VS2,61.9,56,556
0.26,Ideal,E,VS1,61.5,57,556
0.7,Very Good,F,VS2,62.3,58,2812
0.7,Very Good,F,VS2,60.9,61,2812
0.99,Fair,J,SI1,55,61,2812
0.73,Premium,E,VS2,58.6,60,2812
0.51,Ideal,F,VVS1,62,57,2812
0.91,Premium,G,SI2,59.8,58,2813
0.91,Good,I,VS2,64.3,58,2813
0.76,Premium,E,SI1,62.2,59,2814
0.76,Ideal,E,SI1,61.7,57,2814
0.75,Premium,E,SI1,61.1,59,2814
0.55,Very Good,D,VVS1,61.5,56,2815
0.76,Very Good,F,SI2,58.5,62,2815
0.74,Premium,G,VS1,61.7,58,2815
0.7,Ideal,H,SI1,60.4,56,2815
0.7,Ideal,H,SI1,61.4,56,2815
0.7,Ideal,H,SI1,61.5,55,2815
0.7,Ideal,H,SI1,61.4,56,2815
0.9,Fair,J,VS2,65,56,2815
0.95,Fair,F,SI2,56,60,2815
0.89,Premium,H,SI2,60.2,59,2815
0.72,Premium,E,VS2,58.3,58,2815
0.96,Fair,E,SI2,53.1,63,2815
1.02,Premium,G,I1,60.3,58,2815
0.78,Very Good,I,VVS2,61.4,56,2816
0.61,Ideal,G,VVS2,60.1,57,2816
0.71,Good,D,VS1,63.4,55,2816
0.78,Premium,F,SI1,61.5,59,2816
0.87,Ideal,H,SI2,62.7,56,2816
0.71,Premium,E,SI1,61.3,56,2817
0.71,Ideal,I,VVS2,60.2,56,2817
0.71,Ideal,E,VS2,62.7,57,2817
0.71,Premium,E,VS2,62.3,58,2817
0.63,Ideal,F,VVS2,61.5,56,2817
0.71,Premium,E,SI1,59.2,59,2817
0.71,Premium,E,SI1,61.8,59,2817
0.71,Premium,E,SI1,61.4,58,2817
0.9,Ideal,J,VS2,62.8,55,2817
0.7,Premium,E,VS2,62.4,61,2818
0.7,Premium,E,VS2,59.3,60,2818
0.7,Premium,E,VS2,63,60,2818
1,Premium,H,I1,61.3,60,2818
0.86,Premium,F,SI2,59.3,62,2818
0.8,Ideal,H,SI1,61,57,2818
0.7,Premium,E,VS1,59.6,57,2818
0.7,Premium,F,VS2,61.8,60,2818
0.7,Premium,E,VS1,62.7,57,2818
1,Fair,H,SI2,65.3,62,2818
0.72,Very Good,G,VS1,63.8,58,2819
0.72,Ideal,H,VS1,62.3,56,2819
0.7,Good,F,VS1,59.7,63,2819
0.86,Good,F,SI2,64.3,60,2819
0.75,Ideal,E,SI1,62,57,2821
0.73,Premium,E,VS2,61.6,59,2821
0.53,Ideal,E,VVS1,61.9,55,2821
0.73,Premium,E,SI1,61.3,58,2821
0.73,Good,E,SI1,63.6,57,2821
0.73,Very Good,E,SI1,63.2,58,2821
0.7,Premium,E,VS1,60.8,60,2822
0.72,Premium,E,VS2,60.3,59,2822
0.72,Premium,E,VS2,60.9,60,2822
0.72,Premium,E,VS2,62.4,59,2822
0.7,Premium,E,VS2,60.2,60,2822
0.6,Ideal,F,VVS2,62,55,2822
0.74,Ideal,I,VVS1,60.8,57,2822
0.73,Ideal,F,SI1,62.1,55,2822
0.71,Premium,D,SI1,62.7,60,2822
0.71,Premium,D,SI1,61.3,58,2822
0.7,Premium,D,SI1,60.2,60,2822
0.7,Ideal,D,SI1,60.7,56,2822
0.9,Good,J,VS2,64,61,2822
0.7,Premium,E,VS2,61.5,59,2822
0.7,Premium,E,VS2,62.6,56,2822
0.7,Ideal,D,SI1,59.7,58,2822
0.7,Good,E,SI1,61.4,64,2822
0.7,Ideal,D,SI1,62.5,57,2822
0.7,Ideal,D,SI1,61.8,56,2822
0.7,Premium,E,VS2,60.7,62,2822
0.7,Premium,F,VS2,60.6,58,2822
0.7,Ideal,D,SI1,61.4,54,2822
0.9,Good,I,SI1,63.8,57,2823
0.61,Ideal,E,VVS2,61.3,54,2823
0.71,Ideal,E,SI1,60.5,56,2823
0.77,Ideal,I,VVS2,62.1,57,2824
0.74,Good,E,VS1,63.1,58,2824
0.82,Premium,E,SI2,60.8,60,2824
0.71,Premium,G,VS1,62.2,59,2825
0.83,Premium,H,SI1,60,59,2825
0.73,Very Good,G,VS1,62,57,2825
0.83,Premium,H,SI1,62.5,59,2825
1.17,Premium,J,I1,60.2,61,2825
0.91,Fair,H,SI2,61.3,67,2825
0.73,Premium,E,VS1,62.6,60,2826
0.7,Good,E,VS1,57.2,59,2826
0.9,Premium,I,SI2,62.2,59,2826
0.7,Premium,E,VS1,62.2,58,2826
0.7,Very Good,D,VS2,63.3,56,2826
0.7,Premium,E,VS1,59.4,61,2826
0.9,Very Good,I,SI2,63.5,56,2826
0.78,Premium,F,SI1,60.8,60,2826
0.96,Ideal,F,I1,60.7,55,2826
0.7,Very Good,D,SI1,62.3,59,2827
0.72,Good,D,VS2,64,54,2827
0.79,Premium,H,VVS2,62.6,58,2827
0.7,Ideal,H,VVS1,61.6,57,2827
0.7,Ideal,H,VVS1,62.3,55,2827
0.7,Ideal,D,SI2,60.6,57,2828
1.01,Premium,H,SI2,61.6,61,2828
0.72,Premium,F,VS1,62.2,58,2829
0.8,Good,E,SI2,63.7,54,2829
0.59,Ideal,E,VVS1,62,56,2829
0.72,Ideal,F,VS1,61.7,57,2829
0.75,Premium,E,SI2,61.9,57,2829
0.8,Premium,E,SI2,60.2,57,2829
0.71,Very Good,E,VS2,62.7,59,2830
0.77,Very Good,H,SI1,61.7,56,2830
0.97,Ideal,F,I1,60.7,56,2830
0.53,Ideal,F,VVS1,60.9,57,2830
0.53,Ideal,F,VVS1,61.8,57,2830
0.8,Ideal,I,VS2,62.1,54.4,2830
0.9,Premium,G,SI1,60.6,62,2830
0.76,Very Good,E,SI2,60.8,60,2831
0.72,Ideal,E,SI1,62.3,57,2831
0.75,Ideal,E,SI1,61.4,57,2831
0.72,Premium,E,SI1,62.1,58,2831
0.79,Ideal,G,SI1,61.8,56,2831
0.72,Very Good,F,VS2,62.5,58,2832
0.91,Very Good,I,SI2,62.8,61,2832
0.71,Premium,G,VVS2,62.1,57,2832
0.81,Premium,G,SI1,63,60,2832
0.71,Premium,F,VS1,62.2,58,2832
0.9,Good,J,SI1,64.3,63,2832
0.8,Very Good,I,VS2,62,58,2833
0.56,Very Good,E,IF,61,59,2833
0.7,Very Good,D,VS2,59.6,61,2833
0.7,Ideal,D,VS2,61,57,2833
0.61,Ideal,F,VVS2,61.7,55,2833
0.85,Ideal,H,SI2,62.5,57,2833
0.7,Ideal,F,SI1,60.7,57,2833
0.8,Ideal,G,VS2,62.2,56,2834
0.8,Ideal,H,VS2,62.8,57,2834
0.51,Very Good,D,VVS1,59.9,58,2834
0.53,Ideal,F,VVS1,61.4,57,2834
0.78,Ideal,I,VS2,61.8,55,2834
0.9,Very Good,J,SI1,63.4,54,2834
0.9,Fair,G,SI2,65.3,59,2834
0.77,Ideal,E,SI2,60.7,55,2834
0.73,Ideal,F,VS1,61.2,56,2835
0.63,Ideal,F,VVS2,61.9,57,2835
0.7,Ideal,E,VS2,61.5,54,2835
0.72,Ideal,E,VS2,62.8,57,2835
0.72,Ideal,E,SI1,61,57,2835
0.82,Very Good,H,SI1,60.7,56,2836
0.71,Good,E,VS2,62.8,60,2836
0.7,Premium,E,VS1,62.6,59,2837
0.7,Ideal,E,VS1,61.8,56,2837
0.71,Ideal,F,SI1,59.8,53,2838
0.76,Very Good,H,SI1,60.9,55,2838
0.82,Fair,F,SI1,64.9,58,2838
0.72,Premium,F,VS1,58.8,60,2838
0.7,Premium,F,VS2,62.3,58,2838
0.7,Premium,F,VS2,61.7,58,2838
0.7,Premium,G,VS1,62.6,55,2838
0.7,Premium,F,VS2,59.4,61,2838
0.7,Premium,F,VS2,60.9,61,2838
0.74,Very Good,E,SI1,60,57,2839
0.71,Ideal,F,VS1,61.5,57,2839
0.7,Ideal,F,VS1,61.6,54,2839
0.71,Ideal,F,VS1,62.1,55,2839
0.71,Premium,F,VS1,59.1,61,2839
0.71,Premium,F,VS1,59,60,2839
0.71,Premium,F,VS1,60.5,58,2839
0.7,Ideal,F,VS1,62.4,53,2839
0.73,Ideal,G,VS2,61.8,54,2839
0.7,Ideal,E,VS2,62.1,54,2839
0.7,Ideal,G,VS1,61.3,57,2839
0.71,Premium,G,VVS2,60.3,58,2839
0.71,Premium,F,VS1,59.2,58,2839
0.79,Premium,G,VS2,59.3,62,2839
0.71,Premium,F,VS1,62.7,59,2839
0.77,Very Good,H,VS1,61,60,2840
0.7,Ideal,F,SI1,61,56,2840
0.71,Premium,F,VS2,59.3,56,2840
0.92,Ideal,D,SI2,61.9,56,2840
0.83,Premium,F,SI2,61.4,59,2840
0.7,Premium,H,VVS1,59.2,60,2840
0.73,Premium,F,VS2,60.3,59,2841
0.71,Very Good,D,VS1,63.4,55,2841
0.73,Very Good,D,SI1,63.9,57,2841
0.82,Ideal,F,SI2,61.7,53,2841
0.82,Ideal,F,SI2,62.3,56,2841
0.82,Very Good,F,SI2,59.7,57,2841
0.52,Ideal,F,VVS1,61.2,56,2841
1,Premium,F,I1,58.9,60,2841
0.95,Fair,G,SI1,66.7,56,2841
0.73,Ideal,D,SI1,61.4,57,2841
0.73,Premium,F,VS2,59.9,59,2841
0.73,Premium,G,VS1,61.4,58,2841
0.8,Ideal,I,VS1,62.6,54,2842
0.7,Premium,F,VS2,58.7,61,2842
0.7,Very Good,E,VS2,60.2,62,2843
0.7,Very Good,E,VS2,62.7,58,2843
0.71,Very Good,E,VS2,59.4,58,2843
0.81,Very Good,F,SI2,63.2,58,2843
0.71,Very Good,D,SI1,61.5,58,2843
0.73,Ideal,G,VVS2,61.3,57,2843
0.73,Very Good,F,VS1,61.8,59,2843
0.72,Ideal,E,VS2,62,57,2843
0.81,Ideal,F,SI2,62.1,57,2843
0.71,Ideal,G,VVS2,60.7,57,2843
0.73,Very Good,E,SI1,57.7,61,2844
0.7,Very Good,E,VS1,62,59,2844
1.01,Ideal,I,I1,61.5,57,2844
1.01,Good,I,I1,63.1,57,2844
0.79,Ideal,H,VS2,62.5,57,2844
0.7,Very Good,E,VS2,61.8,59,2845
0.7,Very Good,E,VS2,58.9,60,2845
0.8,Good,H,VS2,63.4,60,2845
1.27,Premium,H,SI2,59.3,61,2845
0.79,Ideal,D,SI1,61.5,56,2846
0.72,Very Good,F,VS1,60.2,59,2846
0.73,Ideal,H,VVS2,61.6,56,2846
1.01,Fair,H,SI2,65.4,59,2846
1.01,Good,H,I1,64.2,61,2846
0.73,Ideal,E,SI1,59.1,59,2846
0.7,Ideal,E,SI1,61.6,57,2846
0.7,Good,F,VS2,59.1,61,2846
0.77,Premium,E,SI1,62.9,59,2846
0.77,Premium,G,VS2,61.3,60,2846
0.77,Premium,G,VS1,61.4,58,2846
0.84,Very Good,H,SI1,61.2,57,2847
0.72,Ideal,E,SI1,60.3,57,2847
0.76,Premium,D,SI1,61.1,59,2847
0.7,Very Good,G,VVS2,62.9,59,2848
0.54,Ideal,D,VVS2,61.5,55,2848
0.75,Fair,D,SI2,64.6,57,2848
0.79,Good,E,SI1,64.1,54,2849
0.74,Very Good,E,VS1,63.1,58,2849
0.7,Very Good,E,VS2,61,60,2850
0.7,Ideal,F,VS2,60.8,59,2850
0.75,Ideal,J,SI1,61.5,56,2850
1.2,Very Good,H,I1,63.1,60,2850
0.8,Very Good,F,SI1,63.4,57,2851
0.87,Very Good,F,SI2,61,63,2851
0.86,Premium,H,SI1,62.7,59,2851
0.74,Ideal,F,SI1,61,57,2851
0.58,Very Good,E,IF,60.6,59,2852
0.78,Ideal,I,VS1,61.5,57,2852
0.74,Ideal,G,SI1,61.3,55,2852
0.73,Ideal,E,SI1,62.7,55,2852
0.91,Very Good,I,SI1,63.5,57,2852
0.71,Premium,F,VS2,62.6,58,2853
0.71,Good,G,VS1,63.5,55,2853
0.79,Premium,D,SI2,60,60,2853
0.71,Premium,E,SI1,62.7,58,2853
0.82,Premium,I,VS1,61.9,58,2853
0.78,Very Good,H,VS1,61.9,57.1,2854
0.7,Very Good,E,VS1,62.4,56,2854
1.12,Premium,H,I1,59.1,61,2854
0.73,Premium,E,VS2,62,57,2854
0.91,Fair,J,VS2,64.4,62,2854
0.91,Fair,J,VS2,65.4,60,2854
0.91,Good,J,VS2,64.2,58,2854
0.91,Fair,H,SI1,65.8,58,2854
0.7,Premium,E,VS1,58.4,59,2854
0.73,Very Good,F,VS2,62.5,57,2855
1.03,Good,J,SI1,63.6,57,2855
0.74,Premium,D,VS2,62.4,57,2855
0.98,Fair,E,SI2,53.3,67,2855
1,Fair,G,SI2,67.8,61,2856
1.02,Ideal,H,SI2,61.6,55,2856
0.6,Ideal,F,VVS2,60.8,57,2856
0.8,Ideal,G,SI2,61.6,56,2856
1,Fair,I,SI1,67.9,62,2856
0.26,Ideal,E,VS1,62.3,57,556
0.26,Ideal,E,VS1,62.1,56,556
0.36,Ideal,H,SI1,61.9,55,556
0.34,Good,G,VS2,57.5,61,556
0.34,Good,E,SI1,63.3,57,556
0.34,Good,E,SI1,63.5,55,556
0.34,Good,E,SI1,63.4,55,556
0.34,Very Good,G,VS2,59.6,62,556
0.34,Ideal,E,SI1,62.2,54,556
0.32,Good,E,VS2,64.1,54,556
0.31,Ideal,I,VVS1,61.6,55,557
0.31,Ideal,I,VVS1,61.3,56,557
0.31,Ideal,I,VVS1,62.3,54,557
0.31,Ideal,I,VVS1,62,54,557
0.31,Ideal,I,VVS1,62.7,53,557
0.31,Ideal,I,VVS1,62.2,53,557
0.31,Ideal,G,VS2,62.2,53.6,557
0.31,Ideal,H,VS1,61.8,54.2,557
0.33,Premium,G,SI2,59.4,59,557
0.33,Premium,G,SI2,62.6,58,557
0.33,Ideal,G,SI2,61.9,56,557
0.33,Premium,F,SI2,63,58,557
0.33,Premium,J,VS1,62.8,58,557
0.33,Premium,J,VS1,61.5,61,557
0.33,Ideal,J,VS1,62.1,55,557
0.33,Ideal,I,SI1,63,57,557
0.33,Good,I,SI1,63.6,53,557
0.33,Premium,I,SI1,60.4,59,557
1,Fair,H,SI2,66.1,56,2856
0.77,Premium,F,SI1,60.8,59,2856
0.77,Premium,F,SI1,61,58,2856
0.7,Good,E,VVS2,60.1,63,2857
0.9,Very Good,G,SI2,63.1,58,2857
0.72,Ideal,E,SI1,62.3,57,2857
0.9,Premium,I,VS2,61.9,59,2857
0.72,Premium,E,SI1,62.1,58,2857
0.7,Ideal,G,VVS2,62.1,56,2858
0.81,Very Good,F,SI1,61.3,57,2858
0.81,Very Good,F,SI1,61.7,57,2858
0.71,Premium,E,VS2,61,60,2858
0.7,Premium,E,VS2,61.4,59,2858
0.71,Premium,E,VS2,61.5,60,2858
0.71,Very Good,E,VS2,63.5,59,2858
0.92,Premium,J,SI1,62.9,58,2858
0.76,Ideal,E,SI1,62.7,54,2858
0.73,Ideal,D,SI1,61.5,56,2858
0.7,Good,E,VVS2,63.6,62,2858
0.9,Fair,G,SI2,64.5,56,2858
0.71,Fair,D,VS2,56.9,65,2858
0.7,Ideal,D,VS2,61,57,2859
0.7,Premium,D,VS2,62.4,56,2859
0.77,Premium,F,VS1,60.9,60,2859
0.71,Ideal,G,VS1,61.5,56,2859
0.7,Premium,D,VS2,59.6,61,2859
0.71,Very Good,F,VS2,61.3,61,2860
0.9,Very Good,J,SI2,63.6,58,2860
0.6,Ideal,E,VVS2,61.9,54.9,2860
0.71,Premium,D,VS1,62.9,57,2860
0.62,Ideal,G,VVS2,61.6,56,2861
0.62,Ideal,G,VVS2,61.6,56,2861
0.9,Premium,I,SI1,63,58,2861
0.62,Fair,F,IF,60.1,61,2861
0.82,Premium,E,SI2,61.7,59,2861
0.66,Premium,D,VS1,61,58,2861
0.7,Very Good,D,SI1,62.5,55,2862
0.8,Very Good,F,SI1,62.6,58,2862
0.8,Very Good,D,SI2,62.5,59,2862
0.79,Premium,F,SI1,62.3,54,2862
0.71,Very Good,F,VVS1,63.2,60,2862
0.7,Very Good,E,VS2,58.7,63,2862
0.79,Premium,H,VS1,60,60,2862
0.7,Premium,E,VS2,59.5,59,2862
1.22,Premium,E,I1,60.9,57,2862
1.01,Fair,E,SI2,67.6,57,2862
0.73,Premium,E,VS2,62.5,61,2862
0.91,Good,I,VS2,64.3,58,2863
0.71,Ideal,D,SI1,60.8,56,2863
0.83,Premium,G,SI1,62.3,58,2863
0.84,Premium,F,SI2,62.3,59,2863
0.71,Premium,D,SI1,61,61,2863
0.71,Premium,D,SI1,59.7,59,2863
0.71,Premium,D,SI1,61.7,56,2863
0.71,Ideal,D,SI1,61.7,57,2863
0.71,Premium,D,SI1,61.4,58,2863
0.71,Premium,D,SI1,60.6,58,2863
0.91,Premium,J,SI1,59.5,62,2863
0.9,Premium,J,VS2,59.8,62,2863
0.71,Premium,H,VVS2,61.5,62,2863
0.72,Ideal,F,VS2,59.5,57,2863
0.72,Premium,E,SI1,60.9,60,2863
0.71,Ideal,E,VS2,61,55,2863
0.83,Very Good,I,VS2,61.6,58,2865
0.73,Premium,D,SI1,60.8,55,2865
0.56,Very Good,D,VVS1,62,56,2866
0.56,Very Good,D,VVS1,61.8,55,2866
0.71,Ideal,E,VS1,62.2,55,2866
0.7,Ideal,H,VVS1,62.3,58,2866
0.96,Premium,I,SI1,61.3,58,2866
0.71,Very Good,H,VVS1,62.9,57,2867
0.7,Ideal,D,VS2,62.4,57,2867
0.71,Ideal,H,VVS1,60.4,57,2867
0.8,Premium,H,VS2,61.2,53,2867
0.95,Premium,F,SI2,58.4,57,2867
0.82,Ideal,F,SI2,62.3,56,2867
0.52,Ideal,F,VVS1,61.2,56,2867
0.82,Ideal,F,SI2,61.7,53,2867
0.82,Ideal,F,SI2,62.3,56,2867
0.82,Premium,F,SI2,59.7,57,2867
0.8,Ideal,G,SI1,61.3,57,2867
0.72,Ideal,I,VS1,62.4,55,2868
0.75,Very Good,E,SI1,63.1,56,2868
1.08,Premium,D,I1,61.9,60,2869
0.72,Ideal,E,SI1,60.8,55,2869
0.62,Ideal,G,IF,61.8,56,2869
0.73,Ideal,G,VVS2,61.3,57,2869
0.72,Ideal,H,VVS2,60.9,57,2869
0.52,Premium,F,VVS2,61.8,60,2870
0.64,Premium,E,VVS2,62.1,58,2870
0.8,Ideal,G,SI1,62.5,57,2870
0.74,Ideal,H,SI1,62.1,56,2870
0.72,Ideal,F,SI1,61.5,56,2870
0.82,Ideal,H,VS2,59.5,57,2870
0.73,Premium,E,VS1,61.3,59,2870
1.04,Premium,I,I1,61.6,61,2870
0.73,Very Good,E,SI1,61.3,58,2871
0.73,Good,E,SI1,63.6,57,2871
0.9,Premium,J,SI1,62.8,59,2871
0.75,Ideal,I,SI1,61.8,55,2871
0.79,Ideal,G,SI1,62.6,55,2871
0.7,Good,D,SI1,62.5,56.7,2872
0.75,Very Good,D,SI1,60.7,55,2872
1.02,Ideal,I,I1,61.7,56,2872
0.7,Very Good,G,SI2,59,62,2872
0.7,Ideal,D,SI1,61.8,56,2872
0.7,Good,E,SI1,61.4,64,2872
0.7,Ideal,D,SI1,61.4,54,2872
0.7,Ideal,D,SI1,60.7,56,2872
0.7,Very Good,D,SI1,60.2,60,2872
0.72,Very Good,E,VS2,58.3,57,2872
0.74,Ideal,E,SI1,62.3,58,2872
0.84,Good,G,SI1,65.1,55,2872
0.77,Very Good,E,SI1,63.2,58,2873
0.76,Ideal,E,SI2,62.8,56,2873
1,Ideal,I,SI2,61.7,56,2873
1,Fair,H,SI1,65.5,62,2873
0.9,Fair,I,SI1,65.7,58,2873
0.9,Premium,J,SI1,61.8,58,2873
0.9,Good,J,SI1,64,61,2873
0.9,Fair,I,SI1,65.3,61,2873
0.9,Fair,I,SI1,65.8,56,2873
0.9,Premium,J,SI1,60.9,61,2873
0.78,Premium,F,VS2,62.6,58,2874
0.7,Premium,F,VS1,59,59,2874
0.7,Premium,F,VS1,60.8,62,2874
0.7,Premium,G,VVS2,61.8,58,2874
0.7,Ideal,F,VS1,61,55,2874
0.7,Ideal,F,VS1,61.6,55,2874
0.7,Ideal,F,VS1,62.4,56,2874
0.7,Premium,G,VVS2,62.9,59,2874
1,Fair,H,SI2,67.7,60,2875
0.77,Ideal,H,SI1,62.4,56,2875
1,Fair,J,VS1,65.5,55,2875
1,Fair,I,SI1,66.3,61,2875
1,Fair,H,SI2,69.5,55,2875
0.73,Premium,E,VS1,62.6,60,2876
0.79,Premium,E,VS2,60.6,53,2876
0.71,Ideal,E,VS1,62.4,56,2877
0.74,Ideal,G,VS2,62.3,55,2877
0.7,Good,H,VVS1,62.7,56,2877
0.7,Good,F,VS1,59.1,62,2877
0.79,Very Good,F,SI1,62.8,59,2878
0.79,Very Good,F,SI1,62.7,60,2878
0.79,Very Good,D,SI2,59.7,58,2878
0.71,Ideal,I,VS2,61.5,55,2878
0.79,Ideal,F,SI1,62.8,56,2878
0.73,Very Good,F,SI1,61.4,56,2879
0.63,Premium,E,IF,60.3,62,2879
0.7,Premium,F,VS1,60.4,60,2879
0.71,Premium,F,VS1,62.7,58,2879
0.84,Ideal,G,SI2,61,56,2879
0.84,Ideal,G,SI2,62.3,55,2879
1.02,Ideal,J,SI2,60.3,54,2879
0.72,Fair,F,VS1,56.9,69,2879
0.72,Ideal,F,VS1,62,56,2879
0.92,Very Good,J,SI2,58.7,61,2880
0.74,Very Good,D,SI1,63.9,57,2880
0.7,Ideal,H,VVS1,62,55,2881
0.71,Very Good,E,VS2,60,59,2881
1.05,Premium,H,I1,62,59,2881
0.7,Very Good,H,IF,62.8,56,2882
0.54,Ideal,F,VVS1,61.8,56,2882
0.73,Premium,F,VS2,59.9,58,2882
0.73,Premium,F,VS2,58.7,57,2882
0.72,Ideal,D,SI1,61.8,56,2883
0.9,Good,H,SI2,62.7,64,2883
1.03,Fair,I,SI2,65.3,55,2884
0.84,Very Good,F,SI1,63.8,57,2885
1.01,Premium,I,SI1,62.7,60,2885
0.77,Ideal,D,SI2,61.5,55,2885
0.8,Fair,E,SI1,56.3,63,2885
0.9,Fair,D,SI2,66.9,57,2885
0.73,Ideal,E,SI1,61.4,56,2886
0.72,Ideal,E,SI1,62.7,55,2886
0.7,Premium,E,VS1,62.6,59,2887
0.72,Very Good,G,VVS2,62.5,58,2889
0.7,Very Good,E,VS2,63.5,54,2889
0.7,Very Good,F,VS1,62.2,58,2889
0.9,Good,H,SI2,63.5,58,2889
0.71,Very Good,F,VS1,62.8,56,2889
0.5,Ideal,E,VVS2,62.2,54,2889
0.5,Ideal,E,VVS2,62.2,54,2889
0.74,Ideal,F,SI1,61.2,56,2889
0.77,Premium,F,VS2,61.8,56,2889
0.77,Premium,E,SI1,59.8,61,2889
0.8,Ideal,F,SI1,61.5,54,2890
0.8,Premium,F,SI1,61.5,60,2890
0.8,Good,F,SI1,63.8,59,2890
0.66,Ideal,G,VVS1,61.5,56,2890
0.71,Very Good,E,VS2,61.2,58,2891
0.71,Ideal,F,VS2,61.2,56,2891
0.71,Ideal,E,VS2,61.6,56,2891
0.71,Ideal,E,VS2,62.7,56,2891
0.72,Ideal,D,SI1,61.1,56,2891
0.71,Good,D,VS2,62.3,61,2891
0.86,Ideal,H,SI2,61.8,55,2892
1.19,Fair,H,I1,65.1,59,2892
0.71,Very Good,F,VS1,62.6,55,2893
0.82,Very Good,G,SI2,62.5,56,2893
0.71,Ideal,G,VVS2,61.5,57,2893
0.75,Ideal,F,VS2,62.5,57,2893
0.7,Very Good,H,VVS1,59.2,60,2893
0.8,Ideal,G,SI2,62.5,55,2893
0.82,Good,G,SI2,59.9,62,2893
0.82,Very Good,G,SI1,63.4,55,2893
0.82,Premium,G,SI1,59.9,59,2893
0.81,Very Good,E,SI2,62.4,57,2894
0.81,Ideal,G,SI2,62.2,57,2894
0.76,Ideal,F,SI1,61.4,56,2894
0.71,Very Good,G,VS2,60.9,56,2895
0.7,Very Good,F,VS1,61.8,59,2895
0.74,Very Good,G,VS1,59.8,58,2896
0.77,Very Good,G,VS2,61.3,60,2896
0.77,Very Good,G,VS2,58.3,63,2896
0.79,Ideal,D,SI1,61.5,56,2896
0.73,Ideal,E,SI2,61.5,55,2896
0.77,Ideal,D,SI2,62.1,56,2896
0.77,Premium,E,SI1,60.9,58,2896
1.01,Very Good,I,I1,63.1,57,2896
0.6,Very Good,D,VVS2,60.6,57,2897
0.76,Premium,E,SI1,61.1,58,2897
0.54,Ideal,D,VVS2,61.4,52,2897
0.72,Ideal,E,SI1,62.5,55,2897
0.72,Good,F,VS1,59.4,61,2897
0.74,Premium,D,VS2,61.8,58,2897
1.12,Premium,J,SI2,60.6,59,2898
0.75,Ideal,D,SI1,62.3,55,2898
0.77,Ideal,D,SI1,62.6,57,2898
0.98,Good,H,SI2,57.9,56,2898
0.79,Ideal,G,SI1,62.3,57,2898
0.79,Ideal,G,SI1,62.3,57,2898
0.79,Ideal,G,SI1,62.3,57,2898
0.79,Ideal,G,SI1,62.3,57,2898
0.79,Ideal,G,SI1,62.3,57,2898
0.7,Good,G,VVS1,59.9,61,2899
0.7,Very Good,F,SI1,61.9,58,2900
0.72,Premium,D,VS1,62.7,58,2900
0.8,Premium,F,SI1,62.7,58,2901
0.81,Ideal,E,SI2,63,56,2901
0.81,Premium,E,SI2,62.5,59,2901
0.74,Ideal,E,VS2,61.9,57,2901
0.73,Premium,E,VS2,62,60,2902
0.73,Ideal,E,VS2,61.4,55,2902
0.75,Ideal,G,SI1,61.6,55,2902
0.71,Fair,E,VS2,64.6,59,2902
0.71,Premium,E,VS2,59.6,60,2902
0.75,Premium,D,SI1,62.8,60,2903
0.75,Ideal,D,SI1,62.3,57,2903
0.72,Ideal,D,SI1,61.9,55,2903
0.72,Premium,D,SI1,61.4,59,2903
0.72,Premium,E,VS2,61.1,59,2903
0.79,Very Good,F,SI1,63,54,2904
0.79,Very Good,D,SI2,62.8,57,2904
0.7,Very Good,E,VS1,58.4,59,2904
0.62,Ideal,E,VVS2,62,56,2904
0.7,Very Good,G,VVS2,59.3,62,2905
0.7,Very Good,G,VVS2,63.4,59,2905
0.7,Very Good,G,VVS2,63.3,59,2905
0.71,Very Good,G,VS2,62.1,58,2905
0.86,Very Good,I,VS1,61.2,58,2905
0.53,Ideal,D,VVS1,62.5,54,2905
0.95,Good,I,SI2,63.8,57,2905
0.91,Premium,J,SI1,62.8,59,2905
0.74,Very Good,D,VS2,62.4,57,2906
0.8,Ideal,I,VS1,62.2,58,2906
0.74,Good,E,SI1,62.8,61,2906
0.61,Ideal,E,VVS2,62.4,53.9,2907
0.61,Ideal,E,VVS2,62.4,53.6,2907
0.61,Ideal,E,VVS2,62.1,54.2,2907
0.72,Ideal,H,VVS1,62.8,57,2907
0.7,Ideal,F,VS2,62.3,53,2907
0.71,Ideal,F,VS1,61.9,56,2907
0.79,Ideal,G,SI1,60.3,60,2907
0.72,Ideal,E,SI1,62.6,56,2907
0.33,Ideal,G,SI2,62.9,55,557
0.39,Ideal,H,SI2,61.5,57,558
0.32,Ideal,D,SI1,61.3,55,558
0.25,Premium,F,VS1,61.2,59,558
0.25,Premium,E,VS1,60.7,59,558
0.25,Premium,E,VS1,61.5,60,558
0.31,Premium,I,VS2,60.8,58,558
0.31,Premium,I,VS2,59.8,60,558
0.31,Very Good,I,VS2,63.2,55,558
0.31,Premium,H,SI1,58.7,60,558
0.31,Premium,H,SI1,62.7,58,558
0.31,Ideal,E,SI2,61.7,56,558
0.31,Ideal,E,SI2,61.3,55,558
0.31,Premium,I,VS2,60.8,60,558
0.31,Ideal,I,VS2,59.9,57,558
0.31,Premium,I,VS2,59.9,60,558
0.31,Premium,I,VS2,61.1,58,558
0.31,Premium,I,VS2,60.7,61,558
0.31,Very Good,I,VS2,63.1,54,558
0.31,Premium,I,VS2,62.3,60,558
0.31,Premium,H,SI1,61.7,59,558
0.31,Good,H,SI1,63.6,57,558
0.31,Premium,H,SI1,62.4,57,558
0.31,Premium,H,SI1,62.8,58,558
0.31,Ideal,H,SI1,62.9,56,558
0.31,Premium,E,SI2,60.9,60,558
0.82,Very Good,H,SI1,63.6,56,2908
0.73,Ideal,I,VS1,61.5,55,2908
0.71,Ideal,H,VS1,61.2,56,2909
0.71,Ideal,H,VS1,61.9,56,2909
0.9,Ideal,I,SI2,61.9,57,2909
0.71,Very Good,D,VS1,62.9,57,2910
1.05,Premium,I,SI2,58.3,57,2911
0.59,Ideal,E,VVS2,61.1,57,2911
0.71,Ideal,G,VS2,60.6,56,2911
0.77,Good,F,VS2,60.3,61,2911
0.73,Good,E,VS2,64.2,54,2912
0.7,Good,E,VS2,58.7,63,2912
0.73,Good,E,VS2,63.2,56,2912
0.8,Premium,E,SI1,61.2,60,2912
1,Fair,H,SI2,65.2,54,2912
1,Fair,I,SI1,66,56,2912
1,Fair,H,SI2,67,55,2912
0.7,Very Good,D,VS2,60.7,60,2913
0.71,Premium,D,SI1,61.4,58,2913
0.71,Premium,G,SI2,60.8,59,2913
0.71,Premium,D,SI1,60.6,58,2913
0.71,Very Good,D,SI1,61.7,56,2913
0.71,Ideal,D,SI1,61.7,57,2913
0.71,Premium,D,SI1,59.7,59,2913
0.91,Premium,I,SI2,62,59,2913
0.83,Premium,E,SI1,62.2,59,2913
0.85,Ideal,G,SI2,62,57,2913
0.8,Very Good,F,SI1,63.5,55,2914
0.73,Ideal,E,SI1,61.4,58,2914
0.83,Very Good,I,VS2,62,55,2915
0.77,Very Good,G,SI1,63.6,57,2915
0.8,Very Good,G,SI2,62,55,2915
0.71,Ideal,F,VS2,62.2,56,2915
0.73,Very Good,H,VS1,60.8,57,2916
0.93,Ideal,I,SI1,62,57,2917
0.74,Premium,F,VS1,62.5,60,2917
0.7,Ideal,E,VS2,62.5,58,2917
0.71,Ideal,F,VS2,61.2,56,2917
0.71,Very Good,F,VS2,59.5,58,2918
0.8,Very Good,H,VS2,61.2,53,2918
0.71,Ideal,H,VVS1,62.1,54,2918
0.72,Ideal,I,VS2,61.8,55,2918
0.83,Very Good,D,SI2,63.1,57,2918
0.72,Very Good,G,VS1,60.5,57,2919
0.8,Very Good,H,SI1,62.5,56,2919
0.73,Premium,G,VVS2,62.2,56,2919
0.7,Good,F,VS1,63.8,58,2919
0.73,Ideal,H,VS1,61.9,55,2919
0.71,Premium,E,VS1,59.7,57,2920
0.72,Ideal,F,SI1,61,55,2920
0.71,Premium,F,VS1,59.1,59,2920
0.71,Ideal,F,VS1,62.6,55,2920
0.74,Very Good,H,VVS2,60.5,60,2921
0.71,Very Good,E,VS2,59.9,59,2921
0.71,Very Good,E,VS2,60.7,60,2921
0.71,Very Good,D,SI1,60.1,60,2921
0.65,Ideal,F,VVS2,61.3,56,2921
0.9,Fair,I,VS2,64.1,66,2921
0.71,Very Good,E,VS2,63.7,58,2922
0.71,Very Good,E,VS2,63.3,59,2922
0.68,Very Good,F,VS1,59.7,57,2922
0.53,Ideal,F,VVS1,61.6,56,2922
0.77,Ideal,D,SI2,60.6,56,2922
0.72,Very Good,E,VS2,63,57,2923
0.72,Very Good,E,VS2,63.2,58,2923
0.7,Very Good,E,SI1,61.8,59,2923
0.75,Very Good,E,SI1,62.3,58,2923
0.75,Very Good,E,SI1,61.5,58,2923
0.87,Ideal,H,SI1,62.5,57,2923
0.71,Ideal,E,VS1,62.4,54,2923
0.77,Ideal,D,SI2,60.2,56,2923
0.78,Ideal,F,SI1,61.1,56,2923
0.75,Good,E,SI1,58.3,60,2923
0.9,Premium,I,VS2,58.7,60,2923
0.7,Ideal,I,VS1,61.5,56,2924
0.8,Very Good,D,SI1,58.2,63,2925
0.7,Very Good,F,VS1,64.5,58,2925
0.51,Very Good,E,IF,63.3,58,2925
0.71,Ideal,I,IF,61.5,56,2925
1.02,Ideal,I,I1,61.7,56,2925
1.2,Premium,I,I1,60.5,58,2925
0.81,Good,D,SI2,63.6,55,2926
0.81,Premium,F,SI1,61.2,56,2926
0.81,Premium,F,SI1,61.3,60,2926
0.77,Very Good,H,VS1,63.3,57,2927
0.8,Ideal,I,SI1,59.4,58,2927
0.7,Very Good,F,VS2,61.3,54,2928
0.7,Very Good,D,VS2,60.8,59,2928
0.74,Very Good,E,SI1,61,58,2929
0.8,Very Good,G,VS2,61.1,57,2929
0.7,Ideal,G,VS2,61.8,57,2929
0.7,Ideal,E,SI1,60.1,57,2929
0.71,Very Good,E,VS2,61.3,60,2930
0.7,Premium,E,VS1,60.3,58,2930
0.7,Ideal,E,VS1,62.3,54,2930
0.71,Ideal,F,VS2,62.3,57,2930
0.71,Ideal,G,VS1,62.7,57,2930
0.71,Ideal,G,VS1,62.6,57,2930
0.9,Very Good,E,SI2,58.7,63,2930
0.9,Fair,E,SI2,65,58,2930
0.71,Ideal,G,VVS1,61.7,57,2930
0.7,Very Good,G,VVS2,60.8,57,2931
0.72,Very Good,F,VS2,63.3,57,2931
0.7,Premium,G,VVS1,62,61,2932
0.7,Premium,F,VVS2,61,57,2932
0.7,Very Good,F,VVS2,63.2,58,2932
0.72,Very Good,G,VVS2,62.2,57,2933
0.59,Very Good,D,VVS2,60.6,59,2933
0.73,Premium,F,VS2,59.9,58,2933
0.75,Ideal,F,VS2,62.3,57,2933
0.75,Good,D,SI2,57.6,56,2933
0.9,Good,H,SI2,62.7,64,2934
0.71,Ideal,D,SI2,62,54,2934
0.91,Premium,H,SI1,60.2,52,2935
1.17,Fair,I,I1,65.4,62,2935
0.8,Premium,H,VS1,62,60,2935
0.7,Very Good,G,VVS2,61.8,60,2936
0.81,Very Good,H,SI1,60.2,58,2936
0.74,Ideal,F,VS2,60.5,59,2936
0.7,Ideal,D,SI2,62.6,54,2936
0.82,Ideal,E,SI2,62.1,56,2937
0.76,Premium,E,SI1,58.3,62,2937
0.76,Premium,G,VS1,59.6,57,2937
0.95,Premium,G,SI2,58.8,60,2937
0.71,Very Good,H,VVS1,62.7,57,2938
0.81,Ideal,E,SI2,60.2,57,2938
0.73,Very Good,G,VS1,60.7,57,2939
0.83,Very Good,F,SI2,61.9,56,2939
0.8,Ideal,E,SI2,60.8,56,2939
0.73,Ideal,F,VS2,62.7,58,2939
0.72,Ideal,E,SI2,62.4,57,2939
0.8,Premium,E,SI2,59.9,58,2939
0.81,Ideal,I,VS2,61.8,56,2939
0.82,Premium,H,VS2,62.6,59,2939
0.7,Good,F,VVS2,63.1,57,2940
1.24,Very Good,J,I1,61.9,55,2940
0.7,Very Good,F,VVS2,62.6,59,2940
0.7,Ideal,F,VS1,61.2,54,2940
1,Good,H,I1,57.6,61,2940
0.75,Ideal,E,VS2,61.6,57,2940
0.7,Ideal,E,VS2,61.5,56,2940
0.79,Very Good,E,SI2,59.2,59,2941
0.8,Good,F,SI1,63.8,59,2941
0.81,Very Good,F,SI2,62.7,58,2942
0.71,Premium,F,VS1,61.1,58,2942
1.03,Fair,G,SI2,65.7,59,2942
0.7,Ideal,F,VS2,60.8,56,2942
0.76,Premium,D,SI1,61.6,59,2942
1.01,Fair,G,SI2,67.1,59,2942
0.73,Ideal,D,SI1,61.4,56,2943
0.72,Ideal,F,VS2,62,56,2943
0.74,Very Good,H,VVS2,61.3,58,2944
0.79,Ideal,G,SI1,61.6,55,2944
0.57,Very Good,D,VVS1,60.4,57,2945
0.79,Very Good,H,VS2,61.5,55,2945
0.78,Very Good,D,SI1,62.4,58,2945
0.85,Good,G,SI1,64.9,56,2945
0.71,Very Good,E,VS1,63.3,59,2946
0.71,Very Good,E,VS1,62.7,57,2946
0.72,Ideal,H,VVS1,62.2,56,2946
0.72,Ideal,H,VVS1,62.5,57,2946
0.77,Ideal,I,SI1,61.5,56,2946
0.79,Ideal,E,SI1,62.3,55,2946
0.78,Very Good,H,VS1,61.7,56,2947
0.76,Ideal,E,VS1,62.1,57,2947
0.92,Ideal,H,SI2,58.5,57,2947
0.73,Premium,D,VS2,60.9,59,2947
0.7,Ideal,H,VVS1,61.2,57,2947
0.7,Ideal,H,VVS1,60.5,58,2947
0.74,Ideal,I,VS1,62,56,2947
0.74,Ideal,I,VS1,61.1,57,2947
0.73,Ideal,D,SI1,61.2,57,2947
0.82,Good,H,VS2,62.4,54,2947
0.9,Premium,I,SI1,60.9,56,2947
0.73,Ideal,G,VS1,61.7,55,2948
0.7,Ideal,E,SI1,62,56,2948
0.9,Premium,I,SI2,62.5,58,2948
0.9,Fair,I,SI2,66.4,60,2948
0.9,Ideal,I,SI2,62,56,2948
1,Fair,E,SI2,65.8,58,2948
0.72,Very Good,E,VS2,63,56,2949
0.76,Ideal,E,SI1,61.7,57,2949
0.77,Ideal,D,SI1,62.6,57,2949
0.72,Ideal,H,VS1,62.3,55,2949
0.99,Fair,J,SI1,58,67,2949
0.81,Very Good,I,VS1,62.7,58,2950
0.71,Ideal,G,VS1,62.4,57,2950
0.71,Premium,D,VS2,62.1,60,2950
0.54,Ideal,F,VVS1,61.6,55,2951
0.72,Very Good,D,VS1,62.7,58,2951
0.81,Ideal,H,SI1,62.3,58,2951
0.73,Ideal,F,SI1,61.6,55,2951
0.72,Ideal,E,SI1,61,56,2951
0.7,Very Good,E,VS2,62.4,58,2952
0.7,Very Good,E,VS2,63.4,59,2952
0.7,Very Good,E,VS2,61.8,59,2952
0.7,Very Good,E,VS1,61.3,60,2952
0.72,Ideal,G,VS2,61.5,55,2952
0.72,Ideal,G,VS2,61.4,55,2952
0.7,Ideal,E,VS2,61.9,58,2952
0.7,Ideal,E,VS2,62.6,57,2952
0.7,Ideal,E,VS2,62.1,55,2952
0.74,Ideal,I,IF,62.1,53.9,2952
0.7,Good,E,VS1,61,61,2952
0.8,Very Good,H,VS2,59.1,59,2953
0.79,Premium,F,VS2,63,59,2953
0.75,Good,F,VS1,64.4,59,2953
0.71,Very Good,E,VS2,59.6,60,2954
0.72,Ideal,D,SI1,61.9,55,2954
0.72,Premium,E,VS2,61.1,59,2954
0.72,Premium,D,SI1,61.4,59,2954
0.75,Ideal,D,SI1,62.3,57,2954
0.82,Very Good,D,SI1,63.1,58,2954
0.76,Ideal,G,VS2,61.7,54,2954
0.89,Premium,I,VS1,62.2,62,2955
0.7,Very Good,F,VS2,62.4,57,2956
0.74,Very Good,H,VS1,61.4,56,2956
0.74,Very Good,H,VS1,62.3,56,2956
0.95,Good,I,SI2,63.8,57,2956
0.91,Very Good,J,SI1,62.8,59,2956
0.7,Ideal,F,VS2,60.8,57,2956
0.71,Good,F,VVS2,58.2,60,2956
0.7,Premium,D,VS1,60.4,58,2956
0.72,Ideal,F,VS2,62.6,56,2956
0.72,Ideal,F,VS2,62.2,56,2956
0.72,Ideal,H,VVS1,62,55,2958
0.79,Ideal,I,VS1,62.2,57,2958
0.72,Good,G,VS1,58,57.8,2958
0.98,Fair,F,SI2,61.6,66,2958
0.56,Very Good,D,VVS1,60.1,58,2959
0.7,Very Good,F,VS1,60.1,58,2959
0.79,Premium,G,VS2,62.3,58,2959
0.82,Ideal,I,SI1,61.8,55,2959
0.74,Fair,G,VVS2,65.2,58,2959
0.71,Very Good,H,VVS2,61.8,56,2960
0.7,Good,D,VS2,63.4,57,2960
0.7,Ideal,D,VS2,61.3,57,2960
0.76,Ideal,F,VS2,62.6,56,2960
0.72,Ideal,G,VS2,61.3,56,2960
0.64,Ideal,G,IF,61.7,58,2960
0.71,Good,F,VVS2,58.9,61,2960
0.74,Ideal,G,VS1,61.8,55,2960
0.74,Ideal,H,VVS2,61.2,57,2961
0.72,Premium,E,VS1,61.5,60,2961
0.73,Premium,F,VS1,61.9,56,2961
0.73,Premium,F,VS1,62.7,56,2961
0.63,Ideal,F,VVS2,62.3,56,2961
0.72,Ideal,H,VS1,61.1,57,2961
0.76,Ideal,E,SI1,60.6,57,2961
0.71,Premium,F,VS1,62.1,53,2961
0.75,Premium,H,VS1,61.9,61,2961
0.63,Ideal,D,VVS2,62.6,56,2962
0.72,Ideal,E,VS2,62,56,2962
0.71,Ideal,G,VS1,62.2,56,2962
0.82,Premium,F,SI1,62.4,56,2962
0.71,Ideal,E,VS1,62.1,53,2963
0.91,Very Good,E,SI2,58.6,63,2963
0.71,Very Good,E,VS2,62.9,57,2964
0.71,Very Good,D,SI1,59.4,59,2964
0.7,Good,E,VS1,63.6,58,2964
0.7,Fair,E,VS1,64.5,57,2964
0.75,Ideal,E,SI1,61.7,56,2964
0.9,Fair,F,SI2,65.7,59,2964
0.9,Good,F,SI2,64.2,62,2964
0.9,Fair,J,VS1,65.4,60,2964
0.9,Premium,J,VS1,62.1,62,2964
1,Fair,G,SI1,65.7,54,2964
1.5,Fair,H,I1,65.6,54,2964
1.05,Premium,E,I1,61.4,58,2964
0.9,Fair,J,VS1,64.6,58,2964
0.71,Ideal,I,VS1,61.8,56,2965
0.71,Ideal,I,VS1,61.6,56,2965
0.71,Ideal,I,VS1,61.3,57,2965
0.71,Ideal,I,VS1,61.5,56,2965
0.7,Ideal,G,SI1,61.7,55,2965
0.7,Ideal,G,SI1,60.9,56,2965
0.73,Very Good,G,VS2,62.1,59,2966
0.85,Very Good,E,SI2,63.1,58,2966
0.7,Ideal,I,VVS1,61.8,56,2966
0.75,Ideal,F,SI1,61.2,55,2966
0.82,Ideal,F,SI2,60.9,57,2966
0.7,Very Good,E,VS1,61.3,56,2967
0.7,Very Good,E,VS1,61.5,56,2967
0.86,Very Good,G,SI2,62.6,56,2967
0.79,Ideal,H,VS2,62,56,2967
0.31,Premium,E,SI2,60.8,61,558
0.31,Premium,E,SI2,61.2,61,558
0.31,Ideal,G,SI2,61.4,55,558
0.3,Very Good,H,VVS2,62,56,559
0.31,Very Good,G,VS2,61.4,55,559
0.31,Very Good,G,VS2,60.9,57,559
0.24,Ideal,G,VVS1,62.4,56,559
0.24,Ideal,G,VVS1,62.1,56,559
0.24,Ideal,G,VVS1,62.2,56,559
0.24,Ideal,G,VVS1,62,55,559
0.24,Ideal,G,VVS1,62,56,559
0.32,Ideal,E,SI1,61.9,55,559
0.32,Ideal,E,SI1,61,56,559
0.24,Ideal,G,IF,61.7,56,559
0.24,Ideal,G,IF,60.8,58,559
0.24,Ideal,G,IF,61.8,55,559
0.24,Ideal,G,IF,61.6,57,559
0.24,Ideal,G,IF,61.3,57,559
0.32,Ideal,G,VS1,61.8,55,559
0.25,Very Good,E,VVS2,62,56,560
0.25,Very Good,E,VVS1,61.5,56,560
0.25,Very Good,F,IF,61.5,56,560
0.27,Very Good,F,IF,60.4,58,560
0.32,Ideal,G,VS2,61.6,54,560
0.36,Ideal,F,SI1,61.6,56,560
0.41,Ideal,I,SI1,61.7,55,561
0.32,Premium,H,VS1,60.2,58,561
0.75,Very Good,E,SI1,60.2,60,2968
1.13,Fair,H,I1,64.8,59,2968
0.71,Premium,D,VS2,58.7,61,2968
1.06,Premium,I,SI2,61.5,57,2968
0.9,Ideal,G,SI2,62.4,57,2968
0.8,Ideal,G,VS2,61.2,57,2969
0.52,Premium,E,VVS2,60.1,58,2970
0.72,Very Good,G,VS1,60.6,56,2970
0.7,Good,F,VS1,63.8,58,2970
0.78,Premium,E,VS2,62.6,57,2970
0.78,Ideal,H,VS2,61.6,56,2970
1.04,Good,I,SI2,59.9,64,2970
0.91,Fair,F,SI1,64.9,57,2971
0.81,Very Good,E,SI1,63.8,58,2972
0.76,Ideal,G,VS1,59.4,57,2972
0.7,Ideal,G,VS1,61.7,56,2972
0.9,Very Good,H,SI2,63.1,60,2972
0.81,Premium,H,VS1,62.6,58,2972
0.9,Very Good,J,SI2,63.3,59,2973
0.75,Ideal,G,VS1,62.3,57,2973
0.77,Ideal,D,SI2,60.6,56,2973
0.7,Ideal,E,VS1,60.5,56,2973
0.81,Very Good,E,SI1,59.5,60,2973
0.7,Good,E,VS1,59.8,62,2973
0.82,Ideal,F,SI1,62.6,57,2974
0.57,Ideal,F,IF,61.8,54,2974
0.9,Good,H,SI1,64.2,60,2974
1,Fair,D,SI2,69.3,58,2974
0.71,Ideal,G,VS2,59.5,57,2974
0.7,Very Good,F,VS1,62.1,57,2975
0.7,Premium,F,VVS2,62.2,58,2975
0.82,Very Good,E,SI2,63.3,56,2975
0.8,Ideal,F,SI1,62.8,54,2975
0.83,Premium,G,SI1,61.6,59,2975
0.83,Ideal,H,VS2,61.3,54,2975
0.77,Premium,E,SI1,60.4,58,2975
0.79,Ideal,F,SI1,62.5,57,2976
0.72,Ideal,E,SI1,61,56,2976
0.91,Ideal,I,SI2,63,54,2976
0.71,Very Good,G,VVS2,60.8,58,2977
0.81,Ideal,F,SI1,61.9,57,2977
0.76,Premium,D,VS2,60.9,58,2977
0.54,Ideal,F,VVS1,61.6,55,2977
0.71,Ideal,G,VVS2,62.5,58,2978
0.7,Ideal,E,VS1,61.3,54,2978
0.8,Ideal,E,SI2,61,55,2978
0.76,Ideal,E,SI2,62.1,56,2978
0.72,Ideal,H,VVS1,59.9,59,2979
0.7,Ideal,E,VS2,61.7,56,2979
0.86,Premium,F,SI2,61.8,58,2980
0.7,Ideal,E,VS2,61.5,57,2980
0.7,Good,D,SI1,61.3,61,2980
0.64,Good,F,IF,58.6,61,2980
0.7,Ideal,E,VS2,62.2,55,2981
0.91,Premium,I,SI2,60.2,59,2981
0.91,Ideal,I,SI2,61.6,57,2981
0.71,Ideal,G,VVS1,61.7,57,2982
0.9,Fair,E,SI2,65.8,59,2982
0.71,Ideal,E,VS2,59.5,57,2982
0.71,Very Good,G,VS1,60.8,63,2982
0.71,Premium,E,VS2,62.6,58,2982
0.74,Ideal,E,VS2,62.7,54,2984
0.9,Very Good,J,VS2,63.1,57,2984
1,Premium,G,I1,62.5,62,2984
0.7,Very Good,D,VS2,63.1,56,2985
0.75,Ideal,E,SI1,62.2,57,2985
0.82,Premium,H,VS1,62.3,60,2985
0.8,Ideal,I,VS1,61.9,54.1,2986
0.82,Ideal,I,VS1,61.6,57,2986
0.84,Ideal,G,SI2,62,56,2986
0.7,Ideal,G,VS1,61.3,59,2987
0.74,Ideal,D,SI1,61.5,56,2987
0.77,Premium,E,SI1,61.7,58,2988
1.03,Very Good,G,I1,63.2,58,2988
0.76,Ideal,I,IF,61.6,55,2988
0.72,Ideal,F,VS2,62.1,54,2989
0.83,Premium,D,SI1,61.3,58,2990
0.76,Very Good,G,VS2,62.1,54,2990
0.72,Very Good,E,VS2,62.9,57,2990
0.57,Good,E,VVS1,59.1,65,2990
0.75,Ideal,G,VS2,60.6,55,2991
0.7,Ideal,D,VS2,60.3,60,2991
0.7,Very Good,E,VS2,62.8,56,2992
0.75,Ideal,H,VVS2,62,55.1,2992
1.06,Fair,J,SI2,61,66,2992
0.69,Very Good,F,VVS2,61.5,60,2993
0.87,Very Good,H,SI2,61,56,2993
0.75,Very Good,E,SI1,63.6,56,2993
0.7,Ideal,G,VVS2,63,55,2993
0.7,Ideal,F,VS1,62.4,55,2993
0.75,Ideal,E,SI1,61.1,57,2993
1.01,Fair,G,SI1,65.1,57,2993
0.71,Very Good,F,VS2,59.6,56,2994
0.71,Very Good,G,VS1,59.3,55,2994
0.81,Very Good,G,VS2,63.1,58,2994
0.81,Premium,G,VS2,62,58,2994
0.81,Premium,D,SI2,61.7,58,2994
0.73,Ideal,D,SI1,61.4,56,2995
0.7,Ideal,G,VS1,60.9,56,2995
0.88,Very Good,I,VS1,63.3,55,2996
0.77,Ideal,D,SI1,61.4,56,2996
0.74,Ideal,I,VS2,61.9,55,2997
0.72,Ideal,H,SI1,61.1,56,2997
0.7,Ideal,D,VS2,62.8,57,2998
0.72,Ideal,H,VS1,61.4,56,2998
0.7,Ideal,F,VS1,61.6,57,2998
1.01,Fair,J,VVS2,66,56,2998
0.85,Fair,G,VS1,57.7,67,2998
0.7,Very Good,D,VS2,59.7,59,2999
0.73,Very Good,G,VS1,62.4,58.1,2999
1.02,Fair,H,I1,61.5,60,2999
0.87,Premium,F,SI2,61.6,58,2999
0.71,Ideal,F,SI1,61.9,56,2999
0.7,Premium,G,VVS2,60.6,60,2999
0.74,Premium,E,VS1,62.7,58,2999
0.74,Premium,E,VS1,60.9,62,2999
0.7,Premium,G,VVS2,60.2,61,2999
0.77,Ideal,E,SI1,62.5,56,3000
0.93,Good,J,VS2,63.6,61,3000
0.9,Very Good,I,SI2,62.5,58,3001
0.9,Ideal,I,SI2,62,56,3001
0.72,Very Good,D,SI1,61.5,58,3001
0.7,Premium,D,VS1,61.6,61,3001
0.7,Good,D,VS1,63.6,60,3001
0.7,Very Good,D,VS1,63.4,59,3001
0.6,Ideal,G,VVS1,62.1,56,3001
0.83,Very Good,E,SI1,62.1,58,3002
0.77,Very Good,E,SI2,60.4,58,3002
0.89,Good,H,SI2,63.3,59,3002
0.72,Good,F,VS1,63.8,58,3002
0.72,Ideal,G,VVS2,61.6,55,3002
0.8,Premium,G,VS2,60.6,59,3002
0.73,Fair,F,VS1,58.6,66,3002
0.76,Ideal,E,SI1,61.5,56,3003
1.01,Fair,D,SI2,64.6,56,3003
0.81,Premium,F,SI1,61.9,58,3004
0.81,Ideal,F,SI1,61.8,55,3004
0.7,Ideal,H,VS1,61.7,55,3004
0.61,Ideal,E,VS1,61.3,54,3004
0.78,Ideal,G,SI1,60.6,57,3004
0.72,Ideal,F,SI1,62.3,56,3004
0.92,Premium,D,SI2,60.2,61,3004
0.75,Very Good,E,SI1,61.1,59,3005
0.55,Ideal,F,VVS1,61.2,54,3005
0.8,Very Good,H,SI1,63,57,3005
0.72,Ideal,I,VS1,60.4,56,3005
0.73,Ideal,H,VVS1,61.6,57,3005
0.71,Premium,E,VS1,61.1,58,3006
0.55,Premium,D,VVS1,60.3,59,3006
0.71,Ideal,I,VVS2,60.7,57,3007
0.71,Ideal,I,VVS2,60.4,57,3007
0.7,Premium,E,VVS2,62.7,53,3007
0.71,Ideal,G,SI1,61.3,55,3007
0.71,Ideal,G,SI1,61.6,55,3007
0.71,Ideal,G,SI1,61.9,56,3007
0.71,Ideal,G,SI1,61.6,57,3007
0.76,Ideal,D,SI1,61.2,57,3007
0.91,Very Good,F,SI1,63.1,60,3007
0.7,Very Good,D,VS1,60.4,58,3008
0.61,Ideal,G,VVS1,61.2,56,3008
0.7,Ideal,F,VS2,61.3,57,3008
0.82,Premium,H,VS1,62.5,59,3008
0.71,Very Good,E,VS1,63.7,58,3009
0.71,Very Good,E,VS1,62.1,57,3009
0.71,Very Good,E,VS1,63.4,58,3009
0.74,Very Good,E,SI1,61.3,58,3009
0.83,Ideal,F,SI1,62.1,57,3010
0.83,Very Good,F,SI1,62.1,58,3010
0.8,Ideal,I,VS1,60.7,59,3010
0.8,Ideal,D,SI1,62.2,57,3011
0.73,Very Good,G,VS1,60.7,55,3011
1,Very Good,G,I1,62.5,62,3011
1.2,Fair,J,I1,64.9,59,3011
1.2,Fair,I,I1,62.2,66,3011
1.2,Fair,I,I1,66.2,55,3011
0.61,Ideal,E,VVS2,62,54,3011
0.7,Ideal,F,VS2,61.9,55,3011
0.7,Ideal,F,VS2,61.8,57,3011
0.7,Ideal,F,VS2,62.7,55,3011
0.7,Ideal,F,VS2,61.4,58,3011
0.77,Ideal,D,SI2,62.3,55,3011
0.75,Ideal,H,SI1,61.9,55,3011
0.75,Ideal,H,SI1,61.9,56,3011
1,Fair,E,SI2,55.4,62,3011
0.78,Very Good,G,VS2,61.3,60,3012
0.82,Ideal,E,SI2,62.2,57,3012
0.72,Ideal,G,VS2,61.7,56,3012
0.72,Ideal,E,SI1,61,57,3012
0.72,Ideal,E,SI1,60.3,55,3012
0.8,Very Good,F,SI1,63.9,56,3013
0.75,Premium,F,VS2,61.6,58,3013
0.71,Very Good,F,VS1,62.1,53,3013
0.71,Ideal,F,VS1,61.1,57,3013
0.81,Ideal,E,SI2,61.8,56,3013
0.81,Ideal,E,SI2,60.1,57,3013
0.9,Premium,D,SI1,62.2,60,3013
0.78,Ideal,E,SI1,62.7,55,3014
0.71,Ideal,H,VVS1,61.8,56,3014
0.73,Very Good,D,SI1,60.8,59,3014
1.01,Premium,G,I1,61.1,61,3014
0.9,Good,G,SI2,63.7,62,3014
0.91,Very Good,E,SI2,58.6,63,3015
0.78,Ideal,H,VVS2,61.7,55,3015
0.81,Ideal,E,SI2,61,56,3015
0.72,Very Good,D,VS2,62.1,59,3016
0.7,Premium,E,VS1,61.8,58,3016
0.7,Ideal,E,VS1,62.7,57,3016
0.9,Good,F,SI2,64.2,62,3016
0.76,Ideal,H,VS2,61.9,55,3016
0.96,Premium,E,SI2,62.8,60,3016
0.9,Ideal,H,SI2,62.8,55,3016
0.7,Very Good,G,VS1,60.1,60,3017
0.71,Very Good,F,VS1,61.8,60,3017
1.12,Premium,G,I1,60.3,60,3017
0.7,Ideal,G,VS1,61.1,56,3017
0.5,Good,D,VVS2,62.4,64,3017
1.12,Very Good,G,I1,61.2,63,3017
0.7,Good,F,VVS1,63.2,58,3018
1.03,Very Good,G,I1,60.8,57,3018
0.7,Premium,F,VVS2,62.5,59,3018
0.71,Ideal,F,VVS2,62.6,56,3018
0.72,Ideal,H,VS2,61.2,57,3018
1.02,Very Good,F,SI2,63.3,56,3018
0.77,Premium,F,VS2,62.4,59,3018
0.7,Premium,F,VVS2,62.2,56,3018
0.93,Premium,G,SI2,61.4,56,3019
0.78,Premium,D,SI1,60.4,57,3019
0.71,Ideal,D,VS2,60.4,53,3020
0.73,Very Good,F,SI1,61.3,56,3023
0.65,Ideal,E,VVS2,62.1,57,3023
0.85,Ideal,G,SI1,61.6,55,3023
0.9,Good,H,SI2,63.1,60,3024
0.9,Good,H,SI2,63.1,55,3024
0.75,Premium,E,VS2,62.1,57,3024
0.9,Good,J,VS2,63.9,58,3024
0.72,Premium,E,VS2,60.4,61,3024
0.9,Fair,H,SI1,65.6,57,3024
0.72,Premium,E,VS2,62.5,59,3024
0.75,Good,D,SI1,63.6,58,3024
0.75,Premium,E,SI1,61.7,60,3024
0.72,Very Good,G,VS1,60.1,63,3024
0.75,Premium,D,SI1,59.2,58,3024
0.65,Very Good,D,VVS2,57.7,60,3025
0.7,Very Good,G,VS2,61.8,55,3026
0.71,Ideal,E,VS2,62.3,56,3026
0.83,Ideal,H,VS2,61.3,54,3027
1.02,Fair,J,SI1,66.8,55,3027
1,Fair,G,SI2,64.9,57,3027
1.02,Premium,G,SI2,61.7,58,3027
0.77,Good,H,VVS2,57.9,61,3027
0.7,Very Good,F,VVS2,58.5,60,3028
0.8,Ideal,H,VS2,62.1,54,3030
0.74,Ideal,H,VS1,61.6,55,3030
0.77,Fair,F,VS1,66.8,57,3031
0.72,Premium,G,VS1,58.9,58,3032
1.01,Good,E,I1,63.8,57,3032
1.01,Very Good,H,SI2,63.5,55,3032
0.55,Ideal,F,VVS1,61.2,54,3032
0.71,Very Good,D,VS2,63,57,3033
0.73,Ideal,G,VS1,61.6,57,3033
0.76,Ideal,E,SI1,62.5,57,3033
0.52,Ideal,E,IF,61.1,57,3033
0.7,Good,D,VS2,64.1,59,3033
0.7,Very Good,D,VS2,63.2,60,3033
0.7,Good,D,VS2,63.9,58,3033
0.92,Fair,I,VS2,64.4,58,3033
0.91,Premium,H,SI1,63,57,3033
0.91,Ideal,I,SI2,61.6,57,3034
0.7,Ideal,G,VS1,61.4,57,3034
0.72,Very Good,E,VS2,63.8,57,3035
0.71,Ideal,E,VS2,59.5,57,3035
0.72,Ideal,G,VS1,62.4,59,3035
0.78,Ideal,D,SI1,62.4,57,3035
0.71,Ideal,D,SI1,60.6,57,3035
0.8,Very Good,H,VVS2,62.9,56,3036
0.74,Ideal,E,VS2,62.6,56,3036
0.74,Premium,D,SI1,62.4,59,3036
0.61,Ideal,D,VVS2,62.4,58,3036
0.78,Ideal,F,SI1,61,55,3036
0.7,Very Good,G,VVS1,63.3,57,3037
0.32,Good,E,SI1,63.3,56,561
0.32,Premium,G,VS2,60.5,58,561
0.4,Good,H,SI2,63.7,59,561
0.32,Premium,G,VS2,62.5,60,561
0.32,Ideal,G,VS2,61.4,56,561
0.32,Premium,G,VS2,59.8,59,561
0.32,Premium,I,VVS2,60.7,59,561
0.32,Very Good,G,VS2,60.2,57,561
0.32,Good,G,VS2,63.3,54,561
0.32,Good,H,VS1,63.1,57,561
0.32,Ideal,G,VS2,61.4,55,561
0.32,Ideal,G,VS2,59.8,57,561
0.32,Ideal,G,VS2,61.7,57,561
0.32,Premium,H,VS1,62.3,58,561
0.32,Very Good,H,VS1,63,57,561
0.32,Premium,G,VS2,61.9,58,561
0.32,Good,G,VS2,63.1,57,561
0.32,Very Good,H,VS1,63,57,561
0.32,Ideal,G,VS2,61.8,57,561
0.32,Very Good,H,VS1,61.7,58,561
0.32,Very Good,E,SI1,60.1,60,561
0.32,Ideal,G,VS2,61.8,55,561
0.32,Premium,G,VS2,61.7,60,561
0.32,Good,E,SI1,63.4,55,561
0.32,Premium,G,VS2,62.3,58,561
0.32,Ideal,G,VS2,61.6,57,561
0.32,Ideal,H,VS1,61.9,55,561
0.32,Ideal,H,VS1,60.2,56,561
0.76,Ideal,H,VS2,61.4,57,3038
0.7,Ideal,H,VS2,61.5,56,3038
0.73,Ideal,E,SI1,62.2,56,3038
0.7,Very Good,G,VVS2,61,59,3039
0.7,Fair,F,VS1,64.9,59,3039
0.92,Premium,I,SI2,61.5,59,3040
0.73,Ideal,G,VS1,61.8,57,3041
0.71,Ideal,F,VS1,62.7,57,3041
0.71,Ideal,F,VS1,61.7,55,3041
0.81,Good,I,VS1,59.4,56,3042
0.71,Ideal,G,VVS2,62.5,57,3042
0.72,Very Good,G,VVS2,60.4,58,3043
0.81,Premium,F,SI1,61.9,59,3043
0.81,Ideal,I,SI1,61.3,56,3043
0.77,Very Good,F,SI1,59.6,60,3044
0.83,Ideal,G,SI1,62.1,57,3044
0.71,Very Good,F,VS1,61.2,57,3045
0.78,Very Good,F,SI1,62.4,58,3045
0.71,Very Good,D,VS2,62.8,56,3045
0.72,Premium,D,VS2,60.2,60,3045
1.14,Ideal,J,SI1,60.2,57,3045
0.75,Ideal,E,SI1,60.8,56,3045
0.75,Very Good,D,SI1,59.7,62,3046
0.7,Good,G,VVS2,61.1,61,3046
0.79,Very Good,F,SI1,61.5,58,3047
0.73,Fair,D,VS1,66,54,3047
0.91,Premium,G,SI2,62.8,59,3047
0.93,Ideal,I,SI2,62.3,57,3047
0.82,Very Good,F,SI1,63.9,56.9,3048
0.75,Very Good,D,SI1,61.8,57,3048
0.72,Premium,H,IF,58.7,59,3048
0.72,Ideal,G,SI1,61.8,56,3048
0.72,Good,E,VS1,57.9,60,3048
0.72,Very Good,E,VS1,63.1,56,3048
0.9,Ideal,J,VS1,62.6,55,3048
0.72,Premium,D,SI1,60.5,57,3048
0.72,Premium,D,SI1,62.6,54,3048
0.75,Ideal,E,SI1,61.4,55,3049
0.66,Ideal,D,VVS2,61.6,57,3049
0.83,Ideal,E,SI2,61.9,53,3049
0.62,Very Good,D,VVS2,58.1,63,3050
0.8,Very Good,E,SI1,63.1,56,3050
0.76,Ideal,H,SI1,61.3,55,3050
0.76,Ideal,H,SI1,61.4,55,3050
0.82,Good,E,SI2,61.8,56,3050
0.81,Ideal,E,SI2,62.1,57,3050
1.02,Good,E,I1,63.1,60,3051
0.66,Very Good,G,IF,60.5,59,3051
0.7,Very Good,D,VS2,62.5,55,3052
0.7,Very Good,G,VVS2,60.2,61,3052
1.03,Fair,G,SI1,66.1,56,3052
0.71,Very Good,E,VS2,59.9,59,3053
0.7,Very Good,F,VS1,62.8,59,3053
0.81,Ideal,F,SI2,62.3,54,3053
0.78,Ideal,E,SI2,61,56,3053
0.75,Ideal,E,SI1,61.3,57,3053
0.79,Premium,G,VS1,62.3,56,3053
0.79,Ideal,E,SI1,62.1,54,3053
0.7,Very Good,D,VS1,62.9,60,3054
1.01,Premium,I,SI2,61.9,58,3054
1.01,Fair,I,SI2,68.1,59,3054
0.78,Very Good,E,SI1,60.9,57,3055
0.61,Ideal,E,VVS2,60.8,56,3056
0.9,Very Good,I,SI2,61.5,61,3057
0.92,Very Good,D,SI2,60.2,61,3057
0.57,Ideal,F,VVS1,61.1,55,3057
0.76,Good,F,VS1,59.9,61,3057
0.9,Good,I,SI2,60.7,58,3057
0.82,Fair,H,SI1,64.9,58,3057
0.91,Good,F,SI2,63.9,56,3058
0.79,Premium,D,SI1,61.4,59,3058
0.91,Premium,J,VS2,61.6,58,3058
0.72,Very Good,F,VS1,62.1,59,3059
0.81,Very Good,E,SI2,62.9,56,3059
0.71,Very Good,E,VS1,61.8,56,3059
1.03,Very Good,G,I1,62.4,57,3060
0.9,Good,G,SI2,63.6,57,3060
0.74,Very Good,H,VVS1,62.4,57,3061
0.7,Very Good,E,VS1,61.1,55,3061
0.71,Very Good,E,VS1,63.3,56,3061
0.9,Very Good,J,SI1,63.8,56,3061
0.71,Ideal,G,SI1,61.5,55,3061
0.91,Good,I,SI2,57.9,60,3061
0.71,Fair,G,VVS1,62.8,57,3062
0.7,Premium,F,VVS2,58.7,60,3062
0.72,Ideal,D,SI1,61.5,56.5,3062
0.9,Fair,F,SI2,65.7,63,3062
0.71,Premium,E,VS2,62.2,59,3062
0.71,Premium,E,VS2,62,61,3062
0.93,Premium,J,VS1,60.3,58,3062
0.7,Very Good,E,VS1,62.2,57,3063
0.7,Very Good,E,VS1,62.5,56,3063
0.7,Good,E,VS1,59.4,61,3063
0.71,Very Good,E,VS1,63.3,59,3064
0.76,Premium,E,VS2,61.7,62,3064
0.7,Ideal,F,VS2,61.4,56,3064
0.7,Ideal,F,VS2,61.6,55,3064
0.8,Ideal,F,SI2,61.4,56,3064
0.72,Very Good,E,VS2,63,58,3065
0.7,Ideal,G,VS1,61.5,56,3065
0.65,Ideal,H,IF,61.5,55,3065
0.85,Very Good,D,SI2,61.4,60,3066
0.77,Ideal,I,VS1,61.4,56,3066
0.71,Ideal,F,VS1,62,57,3066
0.71,Ideal,F,VS1,62.1,57,3066
0.8,Ideal,F,SI2,62.5,56,3066
0.8,Ideal,F,SI2,61.8,59,3066
0.73,Very Good,E,VS2,63.1,55,3066
0.9,Good,G,SI2,63.7,62,3067
0.78,Ideal,E,SI1,62.7,55,3067
0.7,Very Good,E,VS1,63.4,60,3068
0.7,Ideal,E,VS2,62.6,56,3068
0.85,Very Good,I,VS2,60,57,3070
0.8,Very Good,G,SI1,62.9,56,3070
0.8,Very Good,E,SI2,62.6,59,3070
0.92,Good,J,SI2,59,63,3070
0.8,Very Good,G,SI1,62.1,56,3071
0.82,Ideal,I,VS1,61.6,56,3071
0.71,Good,G,VVS1,62.7,61,3072
0.7,Very Good,G,VVS1,63.1,56,3073
0.79,Very Good,F,SI1,58.5,61,3073
0.7,Ideal,G,VVS1,61.6,55,3073
0.75,Ideal,G,VS2,61.6,55,3073
0.62,Premium,E,VVS1,61.9,59,3073
0.78,Very Good,G,VS2,61.7,58,3074
0.9,Fair,I,VVS2,67,56,3074
0.77,Ideal,H,VS1,61.4,55,3074
0.9,Good,G,SI1,63.7,56,3074
0.72,Very Good,D,VS2,61.8,58,3075
0.72,Very Good,D,VS2,62.6,59,3075
0.71,Very Good,F,SI2,61.4,56,3075
0.7,Very Good,D,SI1,62.4,57,3075
0.72,Ideal,H,VVS1,62.2,57,3075
0.76,Ideal,I,VS2,61.7,56,3075
0.76,Ideal,D,SI1,62.8,57,3075
0.79,Ideal,E,SI1,62.9,55,3075
0.79,Very Good,E,SI1,60.4,59,3077
0.79,Very Good,E,SI1,63.7,58,3077
0.73,Ideal,E,VS2,62.7,56,3077
0.71,Fair,D,VS2,64.7,58,3077
0.71,Premium,D,VS2,60.3,62,3077
0.75,Good,D,SI1,63.6,58,3078
0.72,Premium,E,VS2,62.5,59,3078
0.76,Ideal,E,VS2,61.3,56,3079
0.94,Good,I,SI2,63.8,60,3079
0.91,Fair,D,SI2,62.5,66,3079
1,Very Good,E,I1,62.3,58,3080
1,Ideal,H,I1,61.3,57,3080
1,Fair,J,VS1,66.6,57,3080
1,Premium,H,SI2,59.4,60,3080
0.82,Premium,F,SI1,61.1,60,3080
0.71,Ideal,H,VS2,61.8,55,3080
0.71,Ideal,H,VS2,61.8,55,3080
0.79,Very Good,D,SI2,63.2,57,3081
0.75,Ideal,F,VS2,62.1,57,3081
0.79,Ideal,F,SI1,62,55,3081
0.71,Ideal,E,VS1,62.2,57,3081
0.8,Very Good,F,SI1,63.5,58,3082
0.91,Very Good,H,SI1,63.4,55,3082
0.6,Ideal,E,VVS1,62.5,53.7,3082
0.6,Ideal,E,VVS1,62,53.7,3082
0.7,Good,D,VS2,57.7,60,3082
0.91,Very Good,J,VS1,63.5,55,3082
0.71,Premium,F,VS1,58.6,62,3082
0.86,Premium,H,VS2,61.3,59,3082
0.8,Ideal,F,SI1,61,56,3082
0.8,Premium,F,SI1,60.1,58,3082
0.8,Premium,D,SI2,61.1,58,3082
0.92,Premium,F,SI2,62.1,60,3083
0.72,Very Good,F,VS1,63.2,57,3083
1.01,Premium,H,SI2,59.4,62,3083
0.71,Very Good,D,VS2,61.8,55,3084
0.72,Very Good,E,SI2,61,59,3084
0.81,Premium,I,VVS2,62.9,59,3084
0.53,Ideal,E,VVS1,61.8,55,3084
0.61,Ideal,E,VVS1,62.2,56,3084
0.85,Ideal,G,SI1,62,54,3084
0.75,Good,E,VS2,62.6,58,3084
0.9,Good,E,SI2,64.1,57,3084
0.9,Premium,E,SI2,60.7,61,3084
0.9,Premium,E,SI2,59.5,61,3084
0.9,Fair,E,SI2,64.5,55,3084
0.9,Fair,E,SI2,65.8,58,3084
0.9,Premium,E,SI2,63,57,3084
0.81,Ideal,H,VS2,61.6,56,3084
0.81,Premium,G,VS2,61.2,60,3084
0.9,Very Good,E,SI2,63.1,54,3084
1.02,Fair,I,SI2,64.5,56,3084
0.72,Ideal,F,VS1,62.4,56,3084
0.75,Very Good,D,SI1,63.9,56,3085
0.84,Premium,E,SI2,59.2,59,3086
0.75,Ideal,E,VS1,61.8,55,3086
0.7,Good,D,VS2,63.9,58,3087
0.7,Good,D,VS2,63.2,60,3087
0.91,Very Good,H,SI1,63,57,3087
0.7,Good,D,VS2,64.1,59,3087
0.76,Ideal,E,SI1,62.4,57,3087
0.74,Ideal,D,VS2,61.9,56,3087
1.01,Good,J,SI2,63.7,60,3088
1.01,Very Good,J,SI2,63.3,53,3088
0.79,Premium,F,VS2,60.7,60,3089
0.77,Ideal,H,SI1,61.3,56,3089
0.73,Ideal,G,SI1,61.4,57,3089
0.73,Ideal,G,SI1,60.9,57,3089
0.73,Ideal,G,SI1,60.6,57,3089
0.73,Ideal,G,SI1,61.9,55,3089
0.73,Ideal,G,SI1,61.2,57,3089
0.73,Ideal,G,SI1,61.7,57,3089
0.71,Ideal,D,VS1,62.5,57,3090
0.58,Ideal,F,VVS1,61.7,55,3090
0.87,Ideal,F,SI2,62.2,56,3090
0.71,Premium,D,VS1,58.1,62,3090
0.72,Ideal,E,VS2,60.8,57,3091
0.92,Premium,J,VS2,60.9,62,3091
1.2,Premium,G,I1,60.3,58,3091
0.8,Premium,E,SI1,62.9,60,3091
0.98,Very Good,H,SI2,63.4,57,3091
0.7,Very Good,D,VS2,60.7,58,3092
0.7,Ideal,D,VS2,61.6,58,3092
0.7,Ideal,D,VS2,62.3,55,3092
0.8,Very Good,F,SI1,63.1,58,3093
0.7,Ideal,E,VS2,62,57,3093
0.7,Ideal,D,VS1,61.9,57,3093
0.72,Ideal,E,VVS2,62.1,57,3093
0.71,Ideal,G,VVS2,62.5,57,3095
0.7,Very Good,E,VS1,63.4,57,3095
0.81,Very Good,G,SI1,62.3,59,3095
0.94,Premium,F,SI2,62.3,59,3095
0.9,Premium,H,SI1,62.4,56,3095
0.71,Very Good,D,VS2,63.1,59,3096
0.71,Very Good,D,VS2,63,58,3096
0.77,Good,H,VVS1,63.1,57,3096
0.91,Premium,F,SI2,62.1,56,3096
0.81,Ideal,I,SI1,61.3,56,3097
0.81,Premium,F,SI1,60.3,59,3097
0.52,Ideal,E,VVS1,61.8,55,3097
0.53,Ideal,D,VVS1,61.6,55,3097
1.29,Good,I,I1,64.2,54,3098
0.9,Very Good,I,SI2,60.4,58,3099
0.72,Ideal,D,VS2,61.8,57,3099
0.93,Ideal,I,SI2,62.3,57,3101
0.74,Ideal,F,VVS2,61.5,54,3101
0.81,Ideal,E,SI2,62.1,55,3101
0.71,Premium,E,VS2,62.2,59,3101
0.72,Very Good,D,SI1,60.5,57,3102
0.9,Very Good,J,VS1,62.6,55,3102
0.9,Ideal,J,SI1,62.6,54,3102
0.83,Ideal,E,SI2,61.9,53,3103
0.66,Ideal,D,VVS2,61.6,57,3103
0.71,Ideal,E,VS2,62.2,56,3103
0.78,Premium,D,SI1,61.8,59,3103
0.81,Very Good,H,VS1,63.6,57,3104
0.71,Very Good,F,VVS1,63.3,58,3104
